BookingDate,DistributionChannelId,CustomerGroupId,Origin,Destination,FlightNumber,FlightDate,BookingId,SegmentId,Revenue
11/11/2020 00:00:00,9,1,STR,HAM,7073,2020-11-26 15:50:00,-209138673,371977741,"168,09"
05/06/2020 00:00:00,3,6,STR,TXL,2016,2020-09-13 18:50:00,-439512336,365465203,"2,37"
17/07/2020 00:00:00,10,8,RHO,HAM,7645,2020-07-21 11:20:00,1505551981,367782441,"172,0"
19/11/2020 00:00:00,6,9,HAM,ZRH,7760,2020-11-26 06:50:00,344462435,372114639,"224,99"
27/02/2020 00:00:00,6,9,STR,BRU,2160,2021-02-03 07:10:00,1747990757,360070341,"404,99"
13/11/2020 00:00:00,3,6,DUS,VIE,9754,2020-11-25 07:15:00,672557026,371998695,"104,99"
12/06/2019 00:00:00,10,8,DUS,LRM,1142,2019-12-28 11:10:00,-1555396902,330575589,"372,5"
03/11/2020 00:00:00,4,1,HAM,LHR,7460,2020-11-26 12:35:00,2005697292,371839074,"64,99"
12/11/2020 00:00:00,4,1,PMI,STR,2593,2020-11-15 10:40:00,327989573,371993388,"132,99"
28/09/2020 00:00:00,9,1,TXL,DUS,9049,2020-10-19 08:10:00,265666024,370748921,"99,27"
15/10/2020 00:00:00,4,1,HAM,DUS,7064,2020-11-22 20:05:00,-1228582846,371976767,"50,85"
04/02/2020 00:00:00,6,9,PMI,CGN,585,2020-10-09 15:30:00,-869713739,370868982,"48,74"
17/11/2020 00:00:00,9,1,PMI,STR,2583,2020-11-26 12:45:00,1048998681,372088530,"168,99"
11/11/2020 00:00:00,6,9,DUS,LPA,9542,2020-11-26 10:50:00,744092726,371978951,"129,15"
08/02/2020 00:00:00,3,8,CGN,SKG,652,2020-09-16 10:55:00,-656774733,357936186,"92,69"
25/10/2020 00:00:00,9,1,PMI,DUS,9581,2020-11-26 14:25:00,1027231932,371650383,"85,99"
23/11/2020 00:00:00,4,1,VIE,DUS,9755,2020-11-26 09:30:00,2042538688,372207295,"151,99"
27/11/2019 00:00:00,7,3,DUS,BLQ,9834,2020-09-02 14:00:00,-947641031,368578478,"102,99"
23/11/2020 00:00:00,4,1,CGN,BER,8,2020-11-26 13:30:00,-2127794957,372204430,"137,92"
25/11/2020 00:00:00,6,9,DTM,MUC,4062,2020-11-26 18:30:00,-548632290,372261561,"186,72"
21/11/2020 00:00:00,6,9,MUC,CGN,87,2020-11-26 20:40:00,1817626033,372186824,"331,89"
08/11/2020 00:00:00,6,9,PMI,STR,2583,2020-11-26 12:45:00,636588187,371908437,"138,74"
19/11/2020 00:00:00,3,0,CGN,BER,8059,2020-11-24 08:10:00,-1035325947,372119360,"172,41"
20/11/2020 00:00:00,5,0,BRE,STR,2035,2020-11-26 20:35:00,2098755460,372178440,"197,41"
08/11/2020 00:00:00,6,9,HAM,TFS,7532,2020-11-14 11:30:00,-2027806180,371908955,"184,99"
30/07/2020 00:00:00,4,1,PMI,HAJ,3593,2020-08-23 07:20:00,-502522036,368317994,"33,77"
05/11/2020 00:00:00,6,9,CGN,BER,8,2020-11-26 13:30:00,548495968,371877628,"48,78"
03/11/2020 00:00:00,6,9,STR,BER,2002,2020-11-23 06:05:00,1724884228,371835968,"83,27"
27/07/2020 00:00:00,3,6,MXP,DUS,9821,2020-08-21 20:40:00,1169261996,368515671,"84,99"
19/11/2020 00:00:00,3,0,DUS,LHR,9468,2020-11-23 06:50:00,765340841,372113032,"212,99"
25/11/2020 00:00:00,3,6,LPA,DUS,9543,2020-11-26 15:25:00,2146940424,372267639,"109,99"
12/11/2020 00:00:00,4,1,DUS,PMI,9580,2020-11-22 06:15:00,340859372,371983775,"44,99"
26/11/2020 00:00:00,6,9,DUS,BER,8047,2020-11-26 20:30:00,-980820856,372300836,"172,41"
08/11/2020 00:00:00,4,1,MUC,DUS,9081,2020-11-26 08:35:00,1267183027,371905057,"15,83"
23/11/2020 00:00:00,3,0,BER,CGN,9,2020-11-26 15:15:00,-1200333647,372213771,"172,41"
11/11/2020 00:00:00,3,7,LHR,DUS,9469,2020-11-23 08:05:00,261083436,371974400,"92,61"
23/07/2020 00:00:00,4,1,CGN,BER,20,2020-11-22 18:10:00,47092244,371722159,"38,78"
04/03/2020 00:00:00,3,6,DUS,BCN,9442,2020-05-20 16:50:00,1026741817,364028968,"207,49"
27/11/2020 00:00:00,6,9,MAN,DUS,9345,2021-01-08 15:15:00,955657708,372323357,"54,02"
28/02/2020 00:00:00,3,0,BRE,STR,2035,2020-11-26 20:35:00,-1329667612,371769530,"107,75"
28/10/2020 00:00:00,5,9,DUS,BER,8047,2020-11-26 20:30:00,1791639805,371707629,"51,7"
27/05/2019 00:00:00,9,1,DUS,RSW,1104,2019-05-28 12:35:00,1479021340,328733219,"339,99"
27/10/2020 00:00:00,10,8,DUS,FUE,9552,2020-11-26 07:20:00,-1394385753,371687701,"128,9"
28/10/2020 00:00:00,4,1,BER,CGN,25,2020-11-23 09:00:00,-598010360,371720118,"38,78"
17/09/2019 00:00:00,7,3,DUS,VIE,9754,2020-09-17 07:10:00,1709312900,341082812,"83,87"
15/08/2019 00:00:00,4,1,LHR,DUS,9469,2020-11-13 08:05:00,-250213440,371277071,"229,35"
23/10/2020 00:00:00,6,9,MUC,DUS,9091,2020-11-26 19:25:00,-261921259,371616361,"73,27"
20/11/2020 00:00:00,6,9,BER,STR,2003,2020-11-23 08:05:00,2058581905,372162901,"337,58"
22/07/2020 00:00:00,4,1,HAM,PMI,7580,2020-10-02 11:30:00,1363999727,369980531,"108,99"
24/11/2020 00:00:00,6,9,HAM,CGN,31,2020-11-26 17:40:00,924677968,372220484,"159,47"
25/11/2020 00:00:00,6,9,BER,STR,8000,2020-11-26 06:20:00,1551075292,372265333,"337,58"
29/10/2020 00:00:00,8,5,DRS,DUS,9023,2020-11-26 20:10:00,1925643797,371768469,"29,62"
11/11/2020 00:00:00,9,1,PMI,DUS,9581,2020-11-26 14:25:00,-1041768517,371960540,"120,99"
12/11/2020 00:00:00,7,3,STR,AJR,5598,2020-11-23 10:55:00,1538400752,371988131,"205,06"
10/11/2020 00:00:00,4,1,PMI,STR,2583,2020-11-26 12:45:00,1356953727,371995780,"124,99"
27/11/2019 00:00:00,7,3,BLQ,DUS,9837,2020-09-06 16:00:00,-947641031,368606540,"122,99"
22/11/2020 00:00:00,9,1,DUS,PMI,9580,2020-11-26 11:15:00,1215039606,372189544,"208,99"
27/08/2020 00:00:00,4,1,HAM,STR,7042,2020-09-16 14:40:00,-1689436041,369678246,"71,69"
16/11/2020 00:00:00,3,0,DUS,MUC,9090,2020-11-26 17:30:00,-1094024827,372025325,"197,41"
30/09/2020 00:00:00,4,1,HAM,STR,2037,2020-11-23 14:20:00,-191501889,371743690,"133,61"
16/11/2020 00:00:00,4,1,CGN,BER,8,2020-11-26 13:30:00,258671291,372055191,"155,16"
16/10/2020 00:00:00,9,1,PMI,DUS,9581,2020-11-26 14:25:00,-941965172,371449266,"64,99"
03/08/2020 00:00:00,4,1,NUE,HAM,7057,2020-08-04 12:35:00,681162582,368551257,"41,66"
18/11/2020 00:00:00,5,0,MUC,CGN,81,2020-11-23 08:50:00,-1409823339,372103605,"214,65"
13/11/2020 00:00:00,4,1,CGN,MUC,86,2020-11-26 18:55:00,1273912901,372113156,"220,65"
22/11/2020 00:00:00,9,1,STR,HAM,2048,2020-11-22 18:55:00,-322978621,372188702,"91,34"
27/02/2020 00:00:00,6,9,BRU,STR,2161,2021-02-18 09:05:00,1747990757,360070344,"404,99"
06/09/2020 00:00:00,7,1,PMI,CGN,585,2020-10-09 15:30:00,-1606520002,370027791,"24,0"
20/11/2020 00:00:00,3,9,BRE,STR,2031,2020-11-23 08:05:00,904733245,372160354,"240,47"
27/07/2020 00:00:00,3,8,PMI,STR,2585,2020-08-30 20:30:00,-347393153,368161360,"59,37"
16/11/2020 00:00:00,6,9,ZRH,DUS,9763,2020-11-26 09:20:00,-671432750,372020947,"229,05"
28/02/2020 00:00:00,3,0,TXL,STR,2003,2020-03-20 08:05:00,-1132117958,362132891,"88,23"
03/11/2020 00:00:00,4,1,DUS,DRS,9022,2020-11-26 18:20:00,192071780,371996579,"231,58"
19/11/2020 00:00:00,6,9,BER,DUS,8046,2020-11-26 18:35:00,-551088063,372116499,"165,16"
18/11/2020 00:00:00,4,1,MUC,DUS,9081,2020-11-26 08:35:00,69394969,372091623,"151,81"
27/10/2020 00:00:00,4,1,STR,BER,8005,2020-11-26 16:45:00,-732852001,371775560,"33,06"
09/11/2020 00:00:00,4,1,HAM,LHR,7460,2020-11-26 12:35:00,1550556142,371923317,"101,99"
06/03/2020 00:00:00,3,9,ACE,HAM,7089,2020-11-22 12:05:00,5271860,360793453,"200,42"
16/02/2020 00:00:00,4,1,DUS,BCN,9442,2020-05-20 16:50:00,61483834,358908176,"164,99"
25/09/2020 00:00:00,4,1,STR,LHR,2464,2020-10-04 17:15:00,-523109894,370673208,"101,99"
25/10/2020 00:00:00,4,1,HAM,STR,7048,2020-11-23 18:00:00,1555914837,371646519,"73,27"
07/10/2020 00:00:00,3,6,MUC,DUS,9091,2020-11-26 19:25:00,-801375651,371251658,"38,78"
06/10/2020 00:00:00,4,1,CGN,LIS,602,2020-11-23 11:00:00,-629296777,372086474,"29,73"
02/11/2020 00:00:00,6,9,MUC,DUS,9091,2020-11-26 19:25:00,610335067,371824623,"90,51"
09/10/2020 00:00:00,4,1,DTM,MUC,4062,2020-11-26 18:30:00,523003910,371191561,"89,65"
26/09/2020 00:00:00,2,1,PMI,HAM,7583,2020-10-14 13:20:00,-113324451,370710742,"129,99"
21/11/2020 00:00:00,5,0,VIE,DUS,9755,2020-11-26 09:30:00,-1821916117,372185583,"132,99"
23/11/2020 00:00:00,3,0,CGN,BER,12,2020-11-25 06:15:00,1670982404,372196920,"122,88"
11/11/2020 00:00:00,3,7,DUS,LHR,9468,2020-11-26 06:50:00,261083436,371974401,"92,61"
07/11/2020 00:00:00,3,7,MUC,CGN,87,2020-11-26 20:40:00,444288307,371900731,"56,03"
17/11/2020 00:00:00,4,1,HAM,DUS,9031,2020-11-26 08:35:00,-451180934,372068176,"125,82"
18/01/2020 00:00:00,4,1,NUE,DUS,9069,2020-08-09 16:45:00,567764670,355201317,"51,62"
18/01/2020 00:00:00,4,1,NUE,DUS,9069,2020-08-09 16:45:00,567764670,355201321,"51,62"
21/10/2020 00:00:00,4,1,CGN,BER,8051,2020-11-26 08:30:00,996534309,371719893,"30,16"
17/11/2020 00:00:00,4,1,VIE,DUS,9755,2020-11-24 09:30:00,1324145361,372067078,"168,99"
22/11/2020 00:00:00,10,8,LPA,DUS,9543,2020-11-26 15:25:00,1088512146,372192023,"70,0"
13/11/2020 00:00:00,4,1,FUE,DUS,9553,2020-11-26 11:50:00,261770780,372006616,"129,15"
05/11/2020 00:00:00,6,9,DUS,MUC,9090,2020-11-26 17:30:00,825892455,371868752,"366,37"
19/10/2020 00:00:00,4,1,STR,HAM,2090,2020-11-26 14:55:00,668685648,371502358,"73,27"
24/02/2020 00:00:00,3,7,TXL,STR,2003,2020-03-20 08:05:00,1912855329,362132900,"100,83"
23/11/2020 00:00:00,3,6,CTA,STR,2819,2020-11-24 13:35:00,-525609152,372196010,"109,82"
02/10/2020 00:00:00,7,1,ALC,DUS,9531,2020-10-25 09:40:00,-694615980,370930994,"24,99"
16/11/2020 00:00:00,6,9,CGN,MUC,86,2020-11-26 18:55:00,15551077,372301923,"331,89"
17/11/2020 00:00:00,4,1,DUS,BER,8047,2020-11-26 20:30:00,1022620355,372069490,"137,92"
28/07/2020 00:00:00,2,1,HAM,MXP,7826,2020-09-02 18:05:00,866431851,368590734,"38,99"
18/09/2020 00:00:00,4,1,SKG,STR,2683,2020-11-26 14:20:00,-345503680,371708658,"67,49"
26/11/2020 00:00:00,6,9,HAJ,VIE,3750,2021-09-17 06:05:00,-1348504006,372289714,"74,99"
11/10/2019 00:00:00,4,1,DUS,VRA,1130,2020-01-01 13:50:00,-429917070,343478952,"455,69"
03/07/2020 00:00:00,3,6,MUC,PMI,1992,2020-08-30 11:55:00,-761208968,366842808,"55,91"
12/11/2020 00:00:00,5,9,CGN,MUC,86,2020-11-16 18:00:00,-737502044,371989559,"173,54"
18/12/2019 00:00:00,4,1,TXL,STR,2003,2020-03-20 08:05:00,-1350068993,362130229,"77,29"
17/11/2020 00:00:00,4,1,BER,CGN,7,2020-11-26 17:10:00,-1438345202,372066844,"141,37"
16/04/2020 00:00:00,9,1,STR,HAM,7073,2020-11-26 15:50:00,343519611,371729263,"81,89"
16/11/2020 00:00:00,4,1,CGN,BER,20,2020-11-26 18:05:00,-843825301,372021950,"158,61"
05/02/2020 00:00:00,4,1,DUS,FAO,9642,2020-03-24 08:30:00,-102683101,357613520,"62,26"
11/10/2020 00:00:00,4,1,DTM,MUC,4066,2021-01-22 14:55:00,-646000663,372293549,"71,42"
25/11/2020 00:00:00,3,6,DUS,LHR,9462,2020-11-26 18:10:00,166862610,372269394,"209,99"
23/09/2019 00:00:00,3,6,PMI,LEJ,6800,2020-08-01 16:10:00,217802009,341659401,"164,99"
13/11/2020 00:00:00,3,0,MUC,CGN,81,2020-11-26 08:50:00,-1381479138,372114605,"128,44"
22/11/2020 00:00:00,3,0,STR,BER,8007,2020-11-26 20:35:00,-295430124,372190129,"158,61"
17/11/2020 00:00:00,4,1,PMI,DUS,9581,2020-11-26 14:25:00,-1851076296,372067000,"220,99"
16/11/2020 00:00:00,3,0,DUS,MUC,9090,2020-11-26 17:30:00,519674261,372022942,"197,41"
18/11/2020 00:00:00,9,1,LPA,DUS,9543,2020-11-26 15:25:00,-338725136,372110527,"124,99"
22/11/2020 00:00:00,10,8,FUE,DUS,9553,2020-11-26 11:50:00,-1276756471,372189842,"85,0"
25/11/2020 00:00:00,4,1,CGN,MUC,86,2020-11-26 18:55:00,542394571,372262060,"306,03"
23/10/2019 00:00:00,3,6,SKG,HAM,7659,2020-10-10 17:55:00,1042036681,344943460,"129,99"
10/11/2020 00:00:00,4,1,STR,BER,2004,2020-11-24 14:25:00,2047442598,371959257,"86,2"
20/11/2020 00:00:00,4,1,STR,PMI,2582,2020-11-26 10:00:00,886506103,372164082,"123,74"
20/06/2020 00:00:00,4,1,KLU,CGN,285,2020-08-20 13:10:00,753865882,366252238,"62,02"
26/11/2020 00:00:00,10,8,HAM,PMI,7584,2021-09-19 06:20:00,2085622719,372315267,"118,9"
17/11/2020 00:00:00,3,6,PMI,STR,2583,2020-11-26 12:45:00,557038009,372061740,"138,74"
24/11/2020 00:00:00,9,1,BER,STR,8006,2020-11-26 18:40:00,-912858296,372214758,"210,34"
07/07/2020 00:00:00,9,1,DUS,DRS,9028,2020-11-23 10:00:00,-1859802397,371857519,"56,03"
05/02/2020 00:00:00,4,1,DUS,FAO,9642,2020-03-24 08:30:00,-102683101,357613521,"45,66"
05/11/2020 00:00:00,6,9,DUS,LHR,9462,2020-11-15 18:10:00,-1360123092,371877113,"63,43"
18/11/2020 00:00:00,4,1,STR,LHR,2464,2020-11-26 17:05:00,338446746,372111109,"63,33"
15/11/2020 00:00:00,3,7,DUS,LHR,9462,2020-11-26 18:10:00,-1629068309,372013799,"116,67"
22/11/2020 00:00:00,10,8,DUS,FUE,9552,2020-11-26 07:20:00,296300997,372188528,"112,9"
19/11/2020 00:00:00,6,9,BER,DUS,8046,2020-11-26 18:35:00,-717059715,372119323,"165,16"
19/11/2020 00:00:00,6,9,HAM,DUS,9031,2020-11-26 08:35:00,-1415797514,372219611,"333,27"
06/10/2020 00:00:00,4,1,STR,HAM,2044,2020-11-26 06:25:00,215321608,372061370,"160,77"
23/12/2019 00:00:00,4,1,STR,ALC,2834,2020-03-07 15:15:00,-626550556,351903915,"49,99"
23/11/2020 00:00:00,6,9,DUS,MUC,9080,2020-11-26 06:40:00,-570442180,372213097,"306,03"
13/11/2020 00:00:00,10,8,DUS,FUE,9552,2020-11-26 07:20:00,191022489,371998207,"176,9"
26/07/2020 00:00:00,3,6,STR,PMI,2596,2020-09-12 14:25:00,-1788976367,368989631,"109,99"
05/10/2020 00:00:00,4,1,DUS,DRS,9022,2020-11-26 18:20:00,-167309975,371013399,"73,27"
15/04/2019 00:00:00,4,1,BRE,STR,2033,2019-12-29 16:40:00,-1032530730,323697130,"84,03"
12/11/2020 00:00:00,4,1,DUS,LPA,9542,2020-11-15 06:45:00,-1306036192,371979866,"132,99"
25/10/2020 00:00:00,4,1,DUS,LPA,9542,2020-11-08 06:45:00,-1964937477,371650482,"208,99"
17/10/2020 00:00:00,9,1,LHR,STR,2465,2020-11-26 18:35:00,104933424,371479483,"33,14"
12/08/2020 00:00:00,3,8,TXL,DUS,9051,2020-09-08 09:10:00,-1044230569,369069959,"29,7"
04/06/2020 00:00:00,4,1,STR,IBZ,2594,2020-08-03 11:35:00,1952232831,367068709,"48,56"
28/10/2020 00:00:00,9,1,CGN,BER,8051,2020-11-26 08:30:00,811434969,371719896,"59,47"
18/11/2020 00:00:00,3,0,BRE,STR,2035,2020-11-26 20:35:00,-1644090001,372101313,"171,54"
02/11/2020 00:00:00,3,0,CGN,MUC,86,2020-11-23 18:00:00,277646305,371812288,"59,47"
24/11/2020 00:00:00,9,1,BER,DUS,9049,2020-11-26 08:10:00,-1060196964,372223024,"155,16"
19/08/2020 00:00:00,4,1,DUS,DRS,9022,2020-11-26 18:20:00,1244777217,371506216,"47,41"
17/09/2019 00:00:00,7,3,VIE,DUS,9753,2020-09-20 20:10:00,1709312900,341082821,"73,87"
07/08/2020 00:00:00,4,1,LHR,HAM,7461,2020-11-26 14:05:00,-1300234251,372179114,"210,99"
22/11/2020 00:00:00,10,8,DUS,LPA,9542,2020-11-26 10:50:00,-15276700,372189242,"117,9"
21/11/2020 00:00:00,10,8,TFS,DUS,9559,2020-11-25 16:30:00,-1516332863,372186252,"110,0"
07/11/2020 00:00:00,9,1,STR,BER,8007,2020-11-26 20:35:00,-319115713,371902603,"73,27"
26/10/2020 00:00:00,4,1,DUS,LHR,9462,2020-11-26 18:10:00,-1638999939,371726535,"54,99"
04/08/2019 00:00:00,4,1,DUS,BUD,9782,2019-08-20 17:50:00,-1265412829,336469857,"69,99"
11/11/2020 00:00:00,3,7,CGN,MUC,86,2020-11-26 18:55:00,1161815195,371961382,"90,51"
20/11/2020 00:00:00,3,0,CGN,BER,24,2020-11-24 07:20:00,257779120,372166528,"122,88"
06/10/2020 00:00:00,3,0,STR,HAM,2090,2020-11-26 14:55:00,781883982,371058416,"73,27"
06/02/2020 00:00:00,7,3,CGN,HAM,34,2020-08-07 16:00:00,1427004573,357699985,"34,47"
22/11/2020 00:00:00,10,8,DUS,LPA,9542,2020-11-26 10:50:00,-1315796865,372193523,"82,9"
28/10/2020 00:00:00,4,1,BER,STR,8006,2020-11-22 18:20:00,770808222,371716807,"59,47"
20/11/2020 00:00:00,4,1,PMI,STR,2583,2020-11-26 12:45:00,-1068364787,372160616,"81,99"
21/11/2020 00:00:00,4,1,DUS,HAM,9038,2020-11-26 19:15:00,1551754187,372187300,"192,47"
12/11/2020 00:00:00,6,9,DUS,MUC,9090,2020-11-26 17:30:00,-64010448,371979643,"169,47"
24/11/2020 00:00:00,6,9,ZRH,DUS,9763,2020-11-26 09:20:00,683042159,372223756,"274,99"
23/11/2020 00:00:00,4,1,LHR,STR,2463,2020-11-23 11:25:00,-538430014,372200231,"240,36"
17/09/2019 00:00:00,7,3,DUS,VIE,9754,2020-09-17 07:10:00,1709312900,341082822,"83,87"
17/09/2020 00:00:00,3,7,DUS,BER,9042,2020-11-26 14:30:00,711510774,371597398,"30,16"
17/11/2020 00:00:00,6,9,ZRH,DUS,9763,2020-11-26 09:20:00,878753523,372065790,"229,05"
07/10/2020 00:00:00,9,1,BER,CGN,21,2020-11-26 19:50:00,207940590,371719062,"43,09"
06/11/2020 00:00:00,3,0,STR,BER,8007,2020-11-24 20:35:00,-242915577,371884384,"59,47"
25/11/2020 00:00:00,9,1,HAM,LHR,7460,2020-11-26 12:35:00,683337307,372271519,"238,99"
06/11/2020 00:00:00,6,9,DUS,BER,8047,2020-11-26 20:30:00,-1516980267,371895567,"40,84"
29/09/2020 00:00:00,4,1,BER,CGN,21,2020-11-26 19:50:00,1819843525,371877352,"77,58"
03/11/2020 00:00:00,6,9,ZRH,HAM,7761,2020-11-26 09:40:00,-539225935,371836967,"266,45"
18/11/2020 00:00:00,4,1,STR,BER,2000,2020-11-21 07:25:00,1149427678,372101030,"36,69"
25/11/2020 00:00:00,8,5,BER,CGN,7,2020-11-26 17:10:00,-353887396,372265193,"34,73"
24/11/2020 00:00:00,6,9,DUS,LPA,9542,2020-11-26 10:50:00,-1471981502,372217394,"345,81"
21/11/2020 00:00:00,3,6,LHR,HAM,7461,2020-11-26 14:05:00,-1347211684,372184786,"186,34"
25/10/2019 00:00:00,4,1,STR,HAM,2042,2020-10-26 18:15:00,-1455949573,345348157,"8,32"
22/11/2020 00:00:00,3,7,STR,HAM,2090,2020-11-26 14:55:00,509938405,372193206,"142,23"
31/08/2020 00:00:00,4,1,DUS,BLQ,9834,2020-09-02 14:00:00,-1179732881,369831603,"46,96"
30/09/2020 00:00:00,4,1,DTM,MUC,4062,2020-11-26 18:30:00,-980629224,371245031,"38,78"
25/08/2020 00:00:00,4,1,DUS,DUB,9394,2020-09-04 10:40:00,-370396084,369615690,"68,49"
25/10/2020 00:00:00,4,1,LPA,DUS,9543,2020-11-26 15:25:00,-1964937477,371650483,"83,99"
14/08/2020 00:00:00,6,9,MUC,DTM,4063,2020-11-26 20:20:00,845809630,371598797,"72,41"
16/11/2020 00:00:00,6,9,PMI,STR,2583,2020-11-26 12:45:00,976518019,372053222,"146,24"
15/11/2020 00:00:00,3,6,BER,CGN,8058,2020-11-24 06:20:00,901081886,372013469,"86,2"
20/11/2020 00:00:00,6,9,DUS,VIE,9754,2020-11-26 07:15:00,-307486488,372179276,"174,99"
19/11/2020 00:00:00,3,0,DUS,MUC,9090,2020-11-23 16:30:00,356731925,372180837,"257,75"
08/11/2020 00:00:00,4,1,PMI,STR,2583,2020-11-26 12:45:00,-1906214681,371904644,"95,99"
07/07/2020 00:00:00,9,1,DRS,DUS,9023,2020-11-26 20:10:00,-1859802397,367158775,"47,41"
04/07/2020 00:00:00,3,6,HAM,AMS,7184,2020-07-23 17:50:00,1852592661,366998713,"44,99"
20/11/2020 00:00:00,3,6,STR,HAM,2044,2020-11-26 06:25:00,-616403193,372157477,"168,09"
25/11/2020 00:00:00,9,1,CGN,BER,8,2020-11-26 13:30:00,-514209803,372265070,"146,54"
27/11/2019 00:00:00,7,3,BLQ,DUS,9837,2020-09-06 16:00:00,-947641031,368606548,"122,99"
21/10/2020 00:00:00,4,1,LPA,DUS,9543,2020-11-26 15:25:00,1146346720,372113178,"143,99"
16/11/2020 00:00:00,3,0,HAM,STR,7072,2020-11-26 13:55:00,-1394431097,372055958,"145,68"
04/11/2020 00:00:00,4,1,DUS,BER,9048,2020-11-26 06:20:00,405329268,371855639,"142,23"
17/02/2020 00:00:00,3,6,STR,HAM,2044,2020-10-02 06:45:00,469921859,359040735,"43,08"
25/11/2020 00:00:00,4,1,BER,STR,8004,2020-11-26 14:45:00,1358138650,372286245,"241,37"
11/11/2020 00:00:00,9,1,STR,BER,8001,2020-11-24 08:15:00,1328677037,372090434,"180,16"
20/11/2020 00:00:00,6,9,BER,DUS,8046,2020-11-25 18:35:00,1374285298,372165997,"275,85"
08/11/2020 00:00:00,4,1,HAM,STR,2045,2020-11-23 08:50:00,2128662684,371904541,"217,51"
13/11/2020 00:00:00,6,9,BER,STR,2005,2020-11-23 17:55:00,945043335,371999670,"172,41"
25/08/2020 00:00:00,6,9,BRU,STR,2161,2021-03-26 11:55:00,1847493474,369623157,"64,99"
19/11/2020 00:00:00,4,1,BRE,STR,2035,2020-11-26 20:35:00,-1267295369,372112102,"171,54"
24/11/2020 00:00:00,6,9,LHR,DUS,9469,2020-11-26 08:05:00,2079094952,372219108,"267,42"
03/11/2020 00:00:00,6,9,CGN,MUC,86,2020-11-26 18:55:00,886551808,371835084,"341,89"
05/10/2020 00:00:00,4,1,DRS,DUS,9029,2020-11-23 11:50:00,-167309975,371013396,"73,27"
05/11/2020 00:00:00,10,8,LPA,DUS,9543,2020-11-26 15:25:00,1156219764,371871482,"124,0"
16/11/2020 00:00:00,3,7,BER,STR,2005,2020-11-24 16:20:00,389241745,372020838,"120,68"
10/11/2020 00:00:00,4,1,PMI,DUS,9581,2020-11-26 14:25:00,-279490969,372186907,"244,99"
06/10/2020 00:00:00,4,1,HAM,STR,2091,2020-11-26 16:45:00,215321608,372061371,"281,46"
27/10/2020 00:00:00,4,1,FUE,DUS,9553,2020-11-26 11:50:00,535562129,371793712,"117,49"
04/11/2020 00:00:00,10,8,FUE,DUS,9553,2020-11-26 11:50:00,1195655406,371861787,"97,0"
23/11/2020 00:00:00,4,1,DUS,VIE,9754,2020-11-25 07:15:00,-1880684721,372202738,"164,99"
16/10/2020 00:00:00,4,1,SZG,DUS,9393,2020-10-17 08:40:00,591736312,371462175,"100,99"
02/10/2019 00:00:00,3,6,STR,TXL,2004,2020-09-17 15:30:00,-1788065404,342663448,"24,41"
31/08/2020 00:00:00,4,1,DUS,BLQ,9834,2020-09-02 14:00:00,1449650347,369832185,"39,99"
01/11/2020 00:00:00,6,9,BER,DUS,9049,2020-11-26 08:10:00,1091192021,371805514,"33,75"
18/11/2020 00:00:00,3,0,HAM,STR,7042,2020-11-24 14:50:00,118266233,372091569,"107,75"
23/09/2019 00:00:00,3,6,PMI,LEJ,6800,2020-08-01 16:10:00,217802009,341659402,"111,99"
05/11/2020 00:00:00,4,1,MUC,DUS,9081,2020-11-24 08:35:00,-167042237,371868236,"73,27"
22/11/2020 00:00:00,8,5,FUE,DUS,9553,2020-11-26 11:50:00,-2055312680,372194732,"46,22"
22/11/2020 00:00:00,10,8,DUS,LPA,9542,2020-11-26 10:50:00,572906103,372189177,"97,9"
25/11/2020 00:00:00,6,9,DUS,MUC,9080,2020-11-26 06:40:00,1157053667,372269465,"376,37"
25/11/2020 00:00:00,6,9,ZRH,HAM,7761,2020-11-26 09:40:00,-1799405262,372266224,"313,89"
12/01/2020 00:00:00,3,9,STR,TXL,8001,2020-03-17 08:50:00,1876225475,353602492,"67,97"
25/06/2020 00:00:00,4,1,STR,BER,8005,2020-11-26 16:45:00,-1702717559,371036238,"38,78"
13/11/2020 00:00:00,4,1,DUS,PMI,9580,2020-11-22 06:15:00,1870040147,372015713,"94,99"
07/08/2020 00:00:00,4,1,HAM,MXP,7822,2020-09-08 10:15:00,1959575223,369640137,"50,05"
23/11/2020 00:00:00,6,9,STR,BER,8005,2020-11-26 16:45:00,763339980,372206584,"172,41"
16/11/2020 00:00:00,9,1,HAM,CGN,31,2020-11-26 17:40:00,626129067,372021296,"185,34"
28/09/2020 00:00:00,10,8,HAM,PMI,7580,2020-10-02 11:30:00,-1069462155,370745644,"132,9"
26/10/2020 00:00:00,3,0,STR,HAM,2044,2020-11-23 06:55:00,-1453721259,371678345,"162,92"
17/11/2020 00:00:00,6,9,STR,HAM,2044,2020-11-26 06:25:00,740081320,372067940,"117,75"
09/11/2020 00:00:00,6,9,HAM,DUS,9031,2020-11-23 08:35:00,-1834536319,371925240,"333,27"
12/11/2020 00:00:00,6,9,ZRH,DUS,9763,2020-11-26 09:20:00,-392559195,371981071,"211,05"
18/11/2020 00:00:00,9,1,BER,CGN,8050,2020-11-26 06:40:00,-1484555207,372099392,"94,82"
02/08/2020 00:00:00,4,1,KLU,CGN,285,2020-08-09 08:40:00,-2019371357,368466780,"112,99"
18/11/2020 00:00:00,3,6,LHR,DUS,9469,2020-11-24 08:05:00,610304205,372110572,"70,56"
23/11/2020 00:00:00,3,0,DUS,BER,8047,2020-11-26 20:30:00,-1283633608,372205535,"155,16"
10/12/2019 00:00:00,3,6,HAM,STR,7072,2020-11-26 13:55:00,-1838370273,371742679,"38,78"
24/05/2020 00:00:00,9,1,PMI,DUS,9579,2020-07-13 14:15:00,-1467834090,366117820,"94,99"
16/11/2020 00:00:00,5,0,ZRH,HAM,7761,2020-11-26 09:40:00,-1038917109,372022701,"194,99"
27/02/2020 00:00:00,4,1,BCN,DUS,9445,2020-05-24 09:50:00,-1591986917,364173496,"341,99"
25/11/2020 00:00:00,6,9,DUS,LHR,9468,2020-11-26 06:50:00,-2006986748,372259828,"174,99"
10/11/2020 00:00:00,4,1,PMI,STR,2583,2020-11-26 12:45:00,-145169410,371956476,"140,99"
25/11/2020 00:00:00,4,1,DUS,LPA,9542,2020-11-26 10:50:00,413297355,372259342,"226,99"
17/09/2020 00:00:00,4,1,HAM,STR,7048,2020-11-26 18:50:00,-1646052349,370419990,"73,27"
19/11/2020 00:00:00,4,1,STR,HAM,2044,2020-11-23 06:55:00,595517382,372116001,"323,27"
23/11/2020 00:00:00,6,9,MUC,DTM,4063,2020-11-26 20:20:00,-1288185880,372207121,"323,27"
17/11/2020 00:00:00,3,0,STR,HAM,7043,2020-11-24 16:40:00,-1218159499,372084974,"162,92"
22/10/2020 00:00:00,3,0,CGN,BER,8051,2020-11-26 08:30:00,-505782874,371719894,"50,85"
17/09/2019 00:00:00,7,3,DUS,VIE,9754,2020-09-17 07:10:00,1709312900,341082816,"83,87"
10/09/2020 00:00:00,4,1,HAM,LHR,7460,2020-11-26 12:35:00,-253048481,371847201,"43,54"
07/01/2020 00:00:00,4,1,MUC,CGN,87,2020-11-23 19:45:00,-14161752,371049230,"30,16"
06/11/2020 00:00:00,7,1,HAM,LHR,7460,2020-11-26 12:35:00,-535390777,371890508,"49,99"
27/11/2019 00:00:00,7,3,BLQ,DUS,9837,2020-09-06 16:00:00,-947641031,368606539,"122,99"
06/11/2020 00:00:00,4,1,FUE,DUS,9553,2020-11-26 11:50:00,238404332,371894973,"74,99"
17/11/2020 00:00:00,3,0,STR,HAM,2044,2020-11-25 06:25:00,-1255940120,372085313,"188,78"
15/11/2020 00:00:00,3,6,DUS,HAM,9038,2020-11-26 19:15:00,1090329359,372017005,"29,17"
11/11/2020 00:00:00,6,9,MUC,DUS,9081,2020-11-26 08:35:00,744092726,371978950,"25,84"
23/11/2020 00:00:00,6,9,MUC,DTM,4065,2020-11-23 08:35:00,-2088458294,372196110,"333,27"
18/11/2020 00:00:00,8,5,PMI,STR,2583,2020-11-26 12:45:00,-574107404,372101614,"31,34"
23/11/2020 00:00:00,5,0,STR,BER,8001,2020-11-26 08:15:00,-1599938643,372196842,"241,37"
08/10/2020 00:00:00,4,1,ZRH,HAM,7765,2020-10-19 20:40:00,22825115,371171756,"65,5"
20/11/2020 00:00:00,3,6,LHR,HAM,7461,2020-11-26 14:05:00,-470200718,372159693,"158,77"
22/11/2020 00:00:00,4,1,BER,STR,8004,2020-11-26 14:45:00,954921461,372204525,"184,98"
02/11/2020 00:00:00,3,0,MUC,CGN,81,2020-11-26 08:50:00,277646305,371812289,"68,1"
06/11/2020 00:00:00,4,1,HAM,LHR,7460,2020-11-26 12:35:00,564913716,371890035,"181,99"
15/09/2020 00:00:00,9,1,STR,BRI,2850,2020-09-25 09:55:00,1336023071,370340170,"64,99"
05/11/2020 00:00:00,3,6,DUS,LPA,9542,2020-11-26 10:50:00,-1797088788,371882403,"84,99"
25/11/2020 00:00:00,6,9,DUS,MUC,9090,2020-11-26 17:30:00,2132600595,372269901,"316,03"
22/11/2020 00:00:00,6,9,STR,HAM,2044,2020-11-26 06:25:00,432353945,372193480,"143,02"
10/08/2020 00:00:00,4,1,CGN,LIS,602,2020-09-25 05:50:00,-813589502,368942904,"64,4"
23/11/2020 00:00:00,6,9,DUS,BER,8047,2020-11-26 20:30:00,-300460623,372200735,"165,16"
07/08/2020 00:00:00,2,1,PMI,DUS,9581,2020-11-26 14:25:00,-592994678,371828621,"219,99"
22/10/2020 00:00:00,6,9,HAM,ZRH,7760,2020-11-26 06:50:00,-836333422,371606655,"84,99"
13/11/2020 00:00:00,4,1,LPA,DUS,9543,2020-11-26 15:25:00,476346993,371998348,"104,99"
26/10/2020 00:00:00,4,1,CGN,BER,20,2020-11-26 18:05:00,572181541,371673624,"38,78"
26/11/2020 00:00:00,6,9,DUS,MUC,9090,2020-11-26 17:30:00,-1100923169,372293271,"280,16"
20/11/2020 00:00:00,4,1,BER,STR,8006,2020-11-26 18:40:00,1094650958,372163424,"197,41"
19/11/2020 00:00:00,6,9,DUS,BER,8047,2020-11-23 19:30:00,-551088063,372116498,"130,68"
22/10/2020 00:00:00,4,1,PMI,DUS,9581,2020-11-26 14:25:00,-1474263634,371590429,"39,99"
12/11/2020 00:00:00,4,1,STR,PMI,2582,2020-11-26 10:00:00,327989573,371993389,"112,99"
22/11/2020 00:00:00,9,1,PMI,DUS,9581,2020-11-23 18:20:00,-1557740466,372193136,"168,99"
20/01/2020 00:00:00,4,1,TXL,STR,2003,2020-03-20 08:05:00,175193204,362132864,"83,02"
29/10/2020 00:00:00,5,0,DUS,BER,9048,2020-11-26 06:20:00,780909109,371766683,"142,23"
15/07/2020 00:00:00,9,1,DUS,IBZ,9540,2020-08-05 10:05:00,-1040075441,367670118,"129,73"
29/10/2020 00:00:00,4,1,MUC,DUS,9091,2020-11-26 19:25:00,-1402298395,371730905,"93,96"
02/11/2020 00:00:00,4,1,LHR,HAM,7461,2020-11-26 14:05:00,1478954357,371822950,"125,69"
29/08/2020 00:00:00,4,1,JTR,STR,2125,2020-09-27 12:30:00,-770411212,369757887,"82,38"
26/10/2019 00:00:00,10,8,DUS,LRM,1142,2019-12-21 11:10:00,1372938898,345465703,"407,07"
15/09/2020 00:00:00,2,1,CGN,SKG,652,2020-10-03 18:20:00,-1707610083,370338490,"33,0"
22/11/2020 00:00:00,10,8,DUS,FUE,9552,2020-11-26 07:20:00,-709068603,372188525,"136,9"
22/11/2020 00:00:00,10,8,DUS,LPA,9542,2020-11-26 10:50:00,1956136294,372189190,"117,9"
22/11/2020 00:00:00,10,8,FUE,DUS,9553,2020-11-26 11:50:00,199975367,372189891,"85,0"
26/11/2020 00:00:00,8,5,DUS,VIE,9754,2020-11-26 07:15:00,-1016698253,372287543,"37,16"
17/11/2020 00:00:00,9,1,LHR,DUS,9469,2020-11-26 08:05:00,705701699,372086373,"147,75"
18/11/2020 00:00:00,4,1,STR,BER,8001,2020-11-26 08:15:00,-968844516,372092103,"146,54"
29/09/2020 00:00:00,9,1,TXL,DUS,8042,2020-10-25 15:00:00,-2047291455,371079127,"89,54"
17/11/2020 00:00:00,4,1,PMI,STR,2583,2020-11-26 12:45:00,-1078125506,372068175,"170,99"
31/10/2020 00:00:00,4,1,PMI,STR,2593,2020-11-22 10:40:00,458360527,371797951,"71,74"
11/11/2020 00:00:00,4,1,STR,BER,8001,2020-11-26 08:15:00,182691604,371974281,"120,68"
22/11/2020 00:00:00,5,0,CGN,HAM,30,2020-11-26 16:00:00,1122141568,372189975,"280,16"
23/11/2020 00:00:00,4,1,STR,PMI,2582,2020-11-26 10:00:00,1224940757,372214386,"123,24"
06/11/2020 00:00:00,4,1,DTM,MUC,4062,2020-11-26 18:30:00,964746115,371890368,"137,75"
25/11/2020 00:00:00,8,5,DUS,ZRH,9762,2020-11-26 07:25:00,-350745097,372259472,"58,08"
27/02/2020 00:00:00,4,1,CGN,PMI,580,2020-09-26 12:00:00,-1878260112,362576239,"95,99"
03/08/2020 00:00:00,9,1,DUS,HAM,9030,2020-11-23 07:00:00,215553630,371598187,"59,47"
26/08/2020 00:00:00,4,1,STR,BRE,2034,2020-11-26 18:50:00,2017968173,371650865,"83,03"
17/09/2019 00:00:00,7,3,DUS,VIE,9754,2020-09-17 07:10:00,1709312900,341082828,"83,87"
15/11/2020 00:00:00,9,1,HAM,FUE,7526,2020-11-22 07:00:00,695596895,372018038,"84,99"
26/11/2020 00:00:00,6,9,VIE,HAJ,3755,2021-09-19 17:05:00,-1348504006,372289713,"154,99"
24/11/2020 00:00:00,6,9,DUS,BER,9042,2020-11-26 14:30:00,587253153,372252624,"130,68"
20/11/2020 00:00:00,6,9,DUS,BER,8043,2020-11-26 16:45:00,-58350342,372158051,"328,96"
24/10/2020 00:00:00,9,1,CGN,BER,8,2020-11-19 13:30:00,1407770200,371637114,"34,47"
11/11/2020 00:00:00,4,1,DUS,BER,8047,2020-11-26 20:30:00,-703720610,371971997,"106,89"
13/10/2020 00:00:00,4,1,DUS,BER,9048,2020-11-23 06:20:00,-1028247656,371304240,"38,78"
10/07/2019 00:00:00,5,0,DUS,DRS,9022,2020-11-26 18:20:00,-745492202,371240250,"68,96"
23/11/2020 00:00:00,4,1,DUS,LHR,9462,2020-11-26 18:10:00,-1118020499,372199336,"136,67"
19/11/2020 00:00:00,4,1,LPA,DUS,9543,2020-11-26 15:25:00,-160120869,372149406,"196,99"
29/09/2020 00:00:00,9,1,STR,LHR,2462,2020-11-23 09:50:00,2007273123,370802874,"39,99"
18/11/2020 00:00:00,6,9,BER,STR,2005,2020-11-24 16:20:00,3355791,372099452,"137,92"
29/09/2020 00:00:00,10,8,HAM,SKG,7658,2020-10-03 13:30:00,151379421,370795617,"172,9"
19/11/2020 00:00:00,6,9,DUS,VIE,9754,2020-11-26 07:15:00,-1893510024,372111779,"164,99"
20/11/2020 00:00:00,6,9,DUS,MUC,9090,2020-11-26 17:30:00,568437672,372157486,"247,06"
14/09/2020 00:00:00,6,9,HAM,CGN,33,2020-11-16 08:35:00,-2131195594,370906829,"47,41"
14/10/2020 00:00:00,3,0,CGN,BER,8051,2020-11-26 08:30:00,1476595425,371719891,"59,47"
11/11/2020 00:00:00,3,8,FUE,DUS,9553,2020-11-26 11:50:00,-2108793369,371977610,"211,49"
16/02/2020 00:00:00,4,1,BCN,DUS,9445,2020-05-24 09:50:00,61483834,364173493,"304,99"
16/11/2020 00:00:00,8,5,BER,CGN,8054,2020-11-23 17:40:00,-1820258287,372044002,"0,0"
25/10/2020 00:00:00,9,1,BER,STR,8004,2020-11-25 14:45:00,717617313,372060640,"103,44"
23/11/2020 00:00:00,9,1,PMI,STR,2583,2020-11-26 12:45:00,1819361467,372207055,"188,99"
16/02/2020 00:00:00,4,1,BCN,DUS,9445,2020-05-24 09:50:00,61483834,364173495,"304,99"
24/11/2020 00:00:00,9,1,PMI,DUS,9581,2020-11-26 14:25:00,-726049145,372221331,"206,24"
16/11/2020 00:00:00,6,9,BER,STR,8004,2020-11-19 14:45:00,2138321289,372022791,"172,41"
23/11/2020 00:00:00,3,6,STR,BER,2004,2020-11-25 14:30:00,-1110524620,372198600,"155,15"
23/11/2020 00:00:00,6,9,CTA,DUS,9815,2020-11-25 15:10:00,-1870307953,372203356,"114,99"
12/06/2019 00:00:00,4,1,DUS,PMI,9580,2020-03-20 11:00:00,-1043781653,330528429,"97,07"
01/03/2020 00:00:00,4,1,DUS,PMI,9580,2020-03-20 11:00:00,-2010968263,360309806,"247,99"
31/10/2020 00:00:00,6,9,WDH,FRA,1279,2020-11-25 10:00:00,56460665,371800242,"298,0"
19/11/2020 00:00:00,6,9,DUS,BER,9048,2020-11-23 06:20:00,-807462366,372112293,"165,16"
21/11/2020 00:00:00,4,1,PMI,HAM,7581,2020-11-25 13:55:00,-797104092,372184664,"158,99"
18/11/2020 00:00:00,3,0,CGN,BER,20,2020-11-25 18:05:00,1207030904,372108166,"189,65"
16/02/2020 00:00:00,3,6,DUS,MAH,9596,2020-08-30 07:15:00,876939888,358881534,"84,99"
16/11/2020 00:00:00,4,1,HAM,PMI,7580,2020-11-18 10:30:00,-437870238,372054154,"109,99"
15/11/2020 00:00:00,4,1,DUS,TFS,9558,2020-11-25 11:40:00,1576461525,372019357,"124,99"
20/11/2020 00:00:00,6,9,BER,STR,2005,2020-11-25 16:25:00,-1955186804,372180972,"155,16"
12/11/2020 00:00:00,4,1,DUS,LHR,9462,2020-11-25 18:10:00,-607646553,372010911,"92,61"
20/11/2020 00:00:00,3,0,HAM,STR,2045,2020-11-25 08:30:00,1761305583,372166172,"231,89"
01/09/2020 00:00:00,10,8,RHO,HAM,7645,2020-09-05 18:40:00,-128941486,369871963,"162,0"
18/11/2020 00:00:00,9,1,BER,DUS,8044,2020-11-25 14:40:00,-248035772,372103738,"103,44"
05/11/2020 00:00:00,4,1,TFS,DUS,9559,2020-11-25 16:30:00,-1955197303,371882160,"146,99"
03/10/2019 00:00:00,4,1,SZG,DUS,9397,2020-03-21 15:45:00,-52328255,342731320,"70,12"
20/11/2020 00:00:00,4,1,VIE,DUS,9755,2020-11-25 09:30:00,1106385053,372166372,"132,99"
27/10/2020 00:00:00,7,8,HAM,STR,7046,2020-11-07 07:20:00,-1427363099,371688730,"20,49"
20/09/2020 00:00:00,2,1,STR,BER,8007,2020-11-25 20:35:00,1827349313,371045317,"59,47"
20/11/2020 00:00:00,9,1,BER,DUS,8046,2020-11-25 18:35:00,1285694193,372158033,"155,16"
06/02/2020 00:00:00,4,6,STR,BRE,2032,2020-09-25 17:35:00,-1248170231,368272457,"28,33"
20/05/2020 00:00:00,4,1,STR,HAM,2044,2020-07-10 06:45:00,-1511339438,364965723,"56,03"
21/01/2020 00:00:00,4,1,DUS,ZRH,9762,2020-11-25 07:20:00,-315084617,371747696,"64,99"
14/09/2020 00:00:00,4,1,STR,HAM,2042,2020-11-22 17:40:00,1734676503,371729054,"56,03"
02/12/2019 00:00:00,3,2,PAD,PMI,6809,2020-03-12 18:05:00,1339884121,349888347,"94,99"
24/11/2020 00:00:00,3,7,STR,LHR,2464,2020-11-25 17:05:00,-573596995,372255024,"164,99"
16/11/2020 00:00:00,4,1,DUS,LHR,9462,2020-11-25 18:10:00,1394745133,372055729,"103,64"
23/10/2019 00:00:00,10,8,PMI,STR,2593,2019-10-27 14:20:00,146046256,345020046,"120,0"
29/10/2020 00:00:00,5,0,BER,DUS,8046,2020-11-25 18:35:00,118622266,371722739,"185,34"
07/09/2020 00:00:00,6,9,STR,HAM,7049,2020-11-25 20:25:00,-1205035384,371494640,"100,51"
10/02/2020 00:00:00,4,1,PMI,DUS,9581,2020-03-23 14:10:00,914187726,362305711,"157,99"
19/11/2020 00:00:00,4,1,BER,CGN,21,2020-11-25 19:50:00,261772949,372148318,"141,37"
16/11/2019 00:00:00,4,1,SZG,DUS,9397,2020-03-21 15:45:00,-886971125,362065156,"98,99"
25/11/2020 00:00:00,8,5,BER,STR,2005,2020-11-25 16:25:00,-362169575,372264887,"39,97"
23/02/2020 00:00:00,3,6,IBZ,DUS,9541,2020-09-20 18:20:00,-1949236769,368502059,"142,99"
24/11/2020 00:00:00,4,1,DUS,LHR,9462,2020-11-25 18:10:00,288984181,372237960,"163,33"
17/11/2020 00:00:00,6,9,PMI,HAM,7581,2020-11-25 13:55:00,664003459,372084366,"114,99"
23/11/2020 00:00:00,3,0,BER,CGN,21,2020-11-25 19:50:00,-285628238,372201498,"175,85"
30/01/2020 00:00:00,9,1,TXL,DUS,9045,2020-05-03 20:40:00,-916300543,356867507,"63,02"
01/11/2020 00:00:00,3,6,BER,STR,8000,2020-11-25 06:20:00,-1834947090,371805473,"38,78"
24/11/2020 00:00:00,4,1,DUS,BER,9040,2020-11-25 14:00:00,-58950818,372222071,"180,16"
22/11/2020 00:00:00,6,9,BER,DUS,8044,2020-11-25 14:40:00,1909716930,372195271,"68,32"
18/11/2020 00:00:00,4,1,STR,BER,8005,2020-11-25 16:45:00,2084706614,372095936,"120,68"
14/10/2020 00:00:00,9,1,DUS,DRS,9022,2020-11-25 18:55:00,780703724,372063433,"37,0"
23/11/2020 00:00:00,3,6,DUS,TFS,9558,2020-11-25 11:40:00,-1725166868,372200648,"129,16"
09/11/2020 00:00:00,3,0,STR,HAM,2040,2020-11-25 14:55:00,-293682844,371920102,"128,44"
12/10/2020 00:00:00,4,1,BER,DUS,9049,2020-11-24 08:10:00,1451336223,371726901,"51,7"
18/11/2020 00:00:00,3,7,HAM,DUS,9039,2020-11-25 20:20:00,1394062501,372111267,"119,82"
14/07/2019 00:00:00,4,1,CGN,IBZ,544,2019-09-09 18:30:00,1031217924,334146139,"84,99"
06/10/2020 00:00:00,6,9,CGN,MUC,86,2020-11-25 18:55:00,-1892400797,372025654,"116,37"
16/11/2020 00:00:00,3,0,STR,HAM,2044,2020-11-25 06:25:00,-891670817,372022219,"188,78"
25/10/2020 00:00:00,2,1,HAM,LPA,7266,2020-11-08 07:20:00,467296913,371643717,"128,82"
19/06/2020 00:00:00,7,3,PRG,DUS,9775,2020-08-07 16:20:00,839779400,366214041,"59,99"
20/11/2020 00:00:00,9,1,PMI,HAM,7581,2020-11-25 13:55:00,-501190976,372161230,"128,99"
16/11/2020 00:00:00,3,0,STR,BER,2020,2020-11-22 14:45:00,344692424,372112436,"201,7"
19/11/2020 00:00:00,6,9,MUC,CGN,81,2020-11-25 08:50:00,-440399210,372150177,"116,37"
20/11/2020 00:00:00,3,0,MUC,DUS,9091,2020-11-25 19:25:00,-1566408102,372165893,"257,75"
13/11/2020 00:00:00,10,8,TFS,DUS,9559,2020-11-25 16:30:00,-2014915853,372001611,"124,0"
18/11/2020 00:00:00,6,9,HAM,ZRH,7760,2020-11-25 06:50:00,-1031448893,372089380,"224,99"
21/07/2020 00:00:00,2,1,DUS,TFS,9558,2020-11-08 07:15:00,467260091,371627270,"122,99"
16/11/2019 00:00:00,10,8,TFS,VIE,5961,2019-11-20 12:20:00,-1220560312,348123730,"137,0"
23/11/2020 00:00:00,5,0,DUS,BER,8047,2020-11-25 20:30:00,1330046259,372206900,"124,13"
31/10/2020 00:00:00,4,1,DUS,TFS,9558,2020-11-15 07:15:00,-1178357056,371796018,"104,99"
24/11/2020 00:00:00,4,1,DUS,LHR,9462,2020-11-25 18:10:00,1096842150,372221915,"218,99"
12/11/2020 00:00:00,4,1,CGN,BER,8,2020-11-25 13:30:00,1105799933,372147656,"120,68"
13/07/2020 00:00:00,4,1,STR,BRI,2850,2020-08-10 18:25:00,1156897653,367545108,"87,99"
19/06/2020 00:00:00,7,3,DUS,PRG,9770,2020-08-02 18:20:00,839779400,366214018,"49,99"
19/11/2020 00:00:00,4,1,PRN,DUS,5701,2020-12-05 19:10:00,770865237,372118466,"220,64"
21/11/2020 00:00:00,10,8,TFS,DUS,9559,2020-11-25 16:30:00,1330925196,372186251,"100,0"
05/10/2020 00:00:00,4,1,HAM,STR,2043,2020-11-25 20:25:00,-11718861,371958965,"56,03"
02/11/2020 00:00:00,4,1,DUS,DRS,9022,2020-11-25 18:55:00,-628695796,371819160,"90,51"
16/11/2020 00:00:00,6,9,DUS,BER,9048,2020-11-25 06:20:00,-746290419,372021664,"199,65"
21/11/2020 00:00:00,4,1,LHR,STR,2465,2020-11-25 18:35:00,-1321641976,372183801,"170,9"
15/11/2020 00:00:00,6,9,STR,BER,8007,2020-11-25 20:35:00,-1762353229,372017607,"172,41"
29/10/2019 00:00:00,4,1,SKG,DUS,9655,2020-01-09 11:50:00,1177590257,345839980,"99,99"
23/10/2020 00:00:00,3,6,DUS,TFS,9558,2020-11-18 11:40:00,1997171326,371630702,"133,99"
30/07/2020 00:00:00,5,0,DUS,HAM,9032,2020-08-02 19:25:00,963240855,368341493,"99,13"
16/09/2020 00:00:00,6,9,MUC,OLB,1850,2020-09-17 11:40:00,1782114844,370397286,"124,99"
25/07/2020 00:00:00,4,1,RJK,HAM,7969,2020-07-26 08:45:00,-1210275282,368130549,"163,32"
18/11/2020 00:00:00,3,0,CGN,MUC,86,2020-11-25 18:55:00,-1937741231,372108426,"154,3"
19/11/2020 00:00:00,4,1,DUS,LHR,9468,2020-11-25 06:50:00,-950168914,372118847,"84,99"
09/11/2020 00:00:00,4,1,PMI,HAM,7581,2020-11-25 13:55:00,-2140397985,372018434,"98,99"
03/11/2020 00:00:00,4,1,DUS,TFS,9558,2020-11-15 07:15:00,-580879797,371839465,"161,99"
26/10/2020 00:00:00,4,1,BER,STR,8000,2020-11-25 06:20:00,1574232364,371671498,"103,44"
02/10/2020 00:00:00,4,1,HAM,LHR,7464,2020-10-12 07:20:00,-961485561,370899904,"184,99"
04/12/2019 00:00:00,9,1,PMI,DUS,9581,2020-03-23 14:10:00,-877805535,350175997,"140,49"
19/11/2020 00:00:00,6,9,CGN,BER,12,2020-11-25 06:15:00,-973132432,372119358,"337,58"
09/11/2020 00:00:00,3,0,DUS,MUC,9080,2020-11-24 06:40:00,-1080254122,371925567,"137,06"
09/03/2020 00:00:00,3,6,DUS,TXL,9044,2020-05-03 18:55:00,-710741465,362949471,"39,17"
13/11/2020 00:00:00,4,1,MUC,DUS,9081,2020-11-25 08:35:00,-2087626752,371996605,"43,07"
11/11/2020 00:00:00,6,9,CGN,HAM,7033,2020-11-24 20:10:00,989052331,371970066,"185,34"
17/11/2020 00:00:00,6,9,ZRH,HAM,7761,2020-11-25 09:30:00,1834432265,372063559,"303,85"
21/10/2020 00:00:00,3,0,BER,CGN,25,2020-11-24 09:10:00,-347459928,371574465,"55,16"
19/05/2020 00:00:00,6,9,CGN,PMI,586,2020-09-03 12:30:00,1634275175,368717962,"124,99"
13/11/2020 00:00:00,3,0,CGN,BER,20,2020-11-25 18:05:00,-394262735,372002483,"122,88"
29/09/2019 00:00:00,4,1,STR,BRE,2030,2020-07-10 17:45:00,503735037,343841242,"51,72"
23/10/2020 00:00:00,4,1,CGN,BER,6,2020-11-25 15:25:00,-371336983,371722782,"30,16"
27/10/2020 00:00:00,6,9,MUC,DUS,9091,2020-11-25 19:25:00,1402867523,371682978,"212,58"
04/11/2020 00:00:00,4,1,HAM,PMI,7580,2020-11-18 10:30:00,1799785544,371862507,"110,99"
06/11/2020 00:00:00,6,9,MXP,DUS,9821,2020-11-25 20:25:00,-1381678753,371886550,"424,99"
13/11/2020 00:00:00,9,1,PMI,HAM,7581,2020-11-25 13:55:00,1476831483,372000614,"110,99"
21/02/2020 00:00:00,6,9,DTM,MUC,4064,2020-10-01 06:10:00,-1470488760,369104497,"26,25"
20/11/2020 00:00:00,9,1,BER,STR,8000,2020-11-25 06:20:00,-85154715,372164258,"120,68"
23/11/2020 00:00:00,4,1,LHR,DUS,9469,2020-11-25 08:05:00,1690638354,372210549,"49,25"
10/10/2020 00:00:00,9,1,BER,CGN,25,2020-11-24 09:10:00,-2144330741,371725423,"47,41"
19/10/2020 00:00:00,4,1,BER,DUS,9049,2020-11-25 08:10:00,693886827,371501143,"116,37"
09/11/2020 00:00:00,3,0,STR,HAM,2036,2020-11-23 16:10:00,-1243017513,371924814,"128,44"
19/11/2020 00:00:00,4,1,DUS,MXP,9820,2020-11-25 18:10:00,-1934106973,372114521,"284,99"
03/11/2020 00:00:00,6,9,DUS,LHR,9462,2020-11-25 18:10:00,-966591463,371835308,"83,33"
24/10/2020 00:00:00,3,6,ZRH,HAM,7761,2020-10-27 09:30:00,-678731273,371642711,"174,99"
13/08/2020 00:00:00,4,1,CGN,PMI,586,2020-09-03 12:30:00,-943218433,369810685,"108,99"
28/02/2020 00:00:00,3,6,SPU,HAM,7985,2020-07-19 08:45:00,-2123773316,365655798,"104,99"
03/11/2019 00:00:00,3,6,DUS,MUC,9086,2020-11-08 14:40:00,-1304681726,370005076,"30,16"
13/11/2020 00:00:00,4,1,MUC,DUS,9091,2020-11-25 19:25:00,1395085301,372006159,"159,47"
02/11/2020 00:00:00,10,8,TFS,DUS,9559,2020-11-25 16:30:00,823646092,371819592,"100,0"
29/10/2020 00:00:00,3,0,MUC,CGN,87,2020-11-25 20:40:00,1472983831,371766676,"59,47"
24/11/2020 00:00:00,4,1,MUC,CGN,81,2020-11-25 08:50:00,1025237224,372219558,"150,85"
19/11/2020 00:00:00,4,1,DUS,HAM,9030,2020-11-25 06:50:00,-1758306427,372149710,"17,0"
23/11/2020 00:00:00,4,1,CGN,BER,8,2020-11-25 13:30:00,2054545669,372258269,"224,13"
10/11/2020 00:00:00,4,1,HAM,ZRH,7760,2020-11-25 06:50:00,-1589694047,371940737,"164,99"
23/11/2020 00:00:00,3,6,DUS,VIE,9754,2020-11-25 07:15:00,652527894,372201415,"164,99"
08/11/2020 00:00:00,4,1,CGN,MUC,80,2020-11-25 07:00:00,2110070894,371909518,"56,03"
21/11/2020 00:00:00,4,1,LHR,DUS,9469,2020-11-25 08:05:00,-2023643104,372185944,"51,45"
20/09/2020 00:00:00,6,9,DUS,BER,8047,2020-11-23 19:30:00,-456920922,370490409,"38,78"
28/02/2020 00:00:00,3,7,STR,BRI,2850,2020-09-11 18:05:00,981320792,360206769,"111,99"
20/11/2020 00:00:00,3,0,BER,STR,8006,2020-11-25 18:40:00,-1712765307,372175559,"193,1"
16/11/2020 00:00:00,4,1,LHR,DUS,9469,2020-11-25 08:05:00,2055846137,372025666,"135,25"
21/11/2020 00:00:00,9,1,STR,HAM,2040,2020-11-25 14:55:00,508109030,372188204,"142,23"
14/09/2020 00:00:00,3,7,TXL,CGN,15,2020-10-12 17:40:00,-806019921,370650870,"73,27"
09/09/2020 00:00:00,4,1,KRK,STR,2735,2020-09-21 16:50:00,-2007265635,370163519,"51,9"
22/11/2020 00:00:00,3,7,DUS,CTA,9814,2020-11-25 11:35:00,-554289407,372195598,"76,44"
19/11/2020 00:00:00,6,9,CGN,MUC,86,2020-11-25 18:55:00,1325124637,372157879,"160,85"
29/10/2019 00:00:00,4,1,SKG,DUS,9655,2020-01-09 11:50:00,1177590257,345839982,"79,99"
22/11/2019 00:00:00,4,1,HAM,DUS,9039,2020-11-25 20:20:00,-218020563,371848621,"117,23"
07/10/2020 00:00:00,4,1,DUS,HAM,9038,2020-11-25 18:45:00,-1960168712,371083065,"119,82"
18/11/2020 00:00:00,4,1,DUS,MUC,9090,2020-11-25 17:30:00,-2117717830,372100201,"202,58"
10/11/2019 00:00:00,3,6,DUS,TXL,9044,2020-05-03 18:55:00,1160174213,364374540,"29,4"
25/11/2020 00:00:00,6,9,BER,DUS,8044,2020-11-25 14:40:00,1504028727,372260433,"155,16"
16/11/2020 00:00:00,6,9,VIE,DUS,9755,2020-11-25 09:30:00,798528974,372053629,"104,99"
03/11/2020 00:00:00,3,7,STR,BER,8005,2020-11-25 16:45:00,1301730534,371840398,"77,57"
18/11/2020 00:00:00,5,0,DUS,BER,9048,2020-11-25 06:20:00,1284590687,372093390,"124,13"
04/08/2020 00:00:00,4,1,DUS,LEJ,9070,2020-09-29 18:45:00,416746436,368632325,"20,0"
06/11/2020 00:00:00,6,9,DUS,MXP,9826,2020-11-24 07:05:00,-1381678753,371886551,"424,99"
12/11/2020 00:00:00,4,1,HAM,PMI,7580,2020-11-25 10:30:00,1584590373,371992595,"120,99"
29/10/2020 00:00:00,4,1,DUS,LHR,9462,2020-11-25 18:10:00,1472786261,371769016,"53,03"
25/08/2020 00:00:00,4,1,CGN,LIS,602,2020-10-08 17:30:00,1853194410,369585089,"29,06"
02/12/2019 00:00:00,3,2,PAD,PMI,6809,2020-03-12 18:05:00,1339884121,349888353,"94,99"
18/06/2019 00:00:00,7,3,DUS,TXL,9044,2020-05-03 18:55:00,-494299812,364374511,"33,61"
11/11/2020 00:00:00,6,9,BER,DUS,8044,2020-11-25 14:40:00,1305079276,372084624,"189,65"
23/11/2020 00:00:00,6,9,ZRH,HAM,7761,2020-11-25 09:30:00,1766025737,372211019,"360,63"
04/08/2020 00:00:00,4,1,DUS,LEJ,9070,2020-09-29 18:45:00,416746436,368632327,"20,0"
20/12/2019 00:00:00,3,8,CGN,JTR,674,2020-07-25 04:55:00,1561109174,351731873,"136,63"
21/11/2020 00:00:00,6,9,STR,HAM,7049,2020-11-25 20:25:00,1174461164,372182802,"245,68"
22/02/2020 00:00:00,4,1,STR,SKG,2682,2020-08-01 12:05:00,88420843,359614783,"304,99"
01/02/2020 00:00:00,5,9,DTM,MUC,4064,2020-10-01 06:10:00,1445194075,357017509,"31,9"
05/03/2020 00:00:00,3,6,HAM,PMI,7586,2020-05-21 10:30:00,2131614951,364261945,"104,99"
22/10/2020 00:00:00,6,9,WDH,FRA,1279,2020-11-25 10:00:00,1052515605,371587931,"423,0"
10/02/2020 00:00:00,4,1,DUS,SZG,9392,2020-03-18 06:10:00,-1208908588,358245520,"115,99"
29/10/2020 00:00:00,4,1,CTA,DUS,9815,2020-11-25 15:10:00,-153590501,371724919,"85,49"
19/06/2020 00:00:00,7,3,DUS,PRG,9770,2020-08-02 18:20:00,839779400,366214038,"77,99"
19/11/2020 00:00:00,9,1,STR,BER,8005,2020-11-25 16:45:00,-168500046,372148063,"189,65"
31/08/2020 00:00:00,4,1,MUC,RHO,1886,2020-09-17 16:50:00,-1539563970,369832940,"46,09"
21/11/2020 00:00:00,10,8,DUS,TFS,9558,2020-11-25 11:40:00,-414669618,372183597,"92,9"
07/08/2020 00:00:00,4,1,CGN,BER,8071,2020-11-23 15:50:00,1766176340,371185557,"55,16"
09/11/2020 00:00:00,9,1,BER,STR,8004,2020-11-25 14:45:00,-221602412,371925400,"58,61"
21/11/2020 00:00:00,10,8,TFS,DUS,9559,2020-11-25 16:30:00,-747312967,372186254,"100,0"
09/11/2020 00:00:00,3,0,STR,HAM,2036,2020-11-23 16:10:00,732770655,371924148,"128,44"
24/11/2020 00:00:00,6,9,MXP,DUS,9821,2020-11-25 20:25:00,-232136750,372216304,"324,99"
18/11/2020 00:00:00,4,1,BER,CGN,7,2020-11-25 17:10:00,-970227305,372090183,"163,78"
31/10/2020 00:00:00,4,1,CTA,DUS,9815,2020-11-25 15:10:00,-1422189064,371795526,"74,99"
09/10/2020 00:00:00,6,9,WDH,FRA,1279,2020-11-25 10:00:00,588509117,371464957,"308,0"
01/11/2020 00:00:00,4,1,DUS,PMI,9580,2020-11-06 11:00:00,-239540235,371806889,"86,24"
19/08/2020 00:00:00,4,1,VIE,CGN,755,2020-09-25 20:55:00,-1881612112,369347840,"53,99"
23/08/2020 00:00:00,4,1,SZG,DUS,4338,2020-10-08 18:35:00,-1637191158,369512600,"35,99"
07/09/2020 00:00:00,3,6,DUS,SZG,4337,2020-10-04 20:05:00,-655233281,370071820,"54,99"
24/11/2020 00:00:00,4,1,DUS,CTA,9814,2020-11-25 11:35:00,-1420702718,372216933,"354,99"
18/11/2020 00:00:00,4,1,DUS,BER,8047,2020-11-22 21:05:00,120355609,372110531,"60,34"
06/08/2020 00:00:00,2,1,DUS,MAH,9596,2020-08-30 07:15:00,1299281307,368766850,"56,0"
03/10/2020 00:00:00,3,6,MUC,DUS,9081,2020-11-06 08:35:00,-1816381949,370954889,"45,33"
17/10/2020 00:00:00,4,1,MUC,DUS,9091,2020-11-25 19:25:00,336869777,371846865,"64,65"
02/07/2020 00:00:00,4,1,DUB,DUS,9395,2020-09-04 12:20:00,-2099337927,368674953,"74,66"
24/10/2020 00:00:00,6,9,TFS,DUS,9559,2020-11-25 16:30:00,1569188523,371636546,"94,99"
08/05/2020 00:00:00,4,1,STR,BRE,2032,2020-09-18 17:35:00,-534136089,364563342,"38,78"
16/11/2019 00:00:00,4,1,SZG,DUS,9397,2020-03-21 15:45:00,-886971125,362065157,"75,99"
17/02/2020 00:00:00,3,8,VIE,STR,2757,2020-07-12 20:50:00,1124718584,365612837,"11,08"
19/06/2020 00:00:00,7,3,DUS,PRG,9770,2020-08-02 18:20:00,839779400,366214036,"49,99"
02/03/2020 00:00:00,3,6,DUS,PRG,9770,2020-08-05 14:20:00,-1641527655,366895616,"39,99"
12/11/2020 00:00:00,4,1,LHR,DUS,9463,2020-11-20 19:30:00,-607646553,371992192,"136,72"
03/10/2019 00:00:00,3,6,STR,HAM,7047,2019-10-17 08:30:00,930273404,342714403,"121,84"
17/11/2020 00:00:00,6,9,ZRH,HAM,7761,2020-11-25 09:30:00,1043178638,372066831,"303,85"
16/11/2020 00:00:00,6,9,BER,CGN,7,2020-11-25 17:10:00,-654301306,372027170,"147,92"
08/05/2020 00:00:00,3,6,HAM,PMI,7586,2020-05-21 10:30:00,644183689,364568243,"104,99"
02/11/2020 00:00:00,3,0,STR,BER,2004,2020-11-23 16:00:00,-1273158203,372066755,"103,44"
01/02/2020 00:00:00,5,9,DTM,MUC,4064,2020-10-01 06:10:00,1445194075,357017505,"31,91"
18/11/2020 00:00:00,3,0,CGN,MUC,86,2020-11-25 18:55:00,989315875,372096442,"202,58"
25/11/2020 00:00:00,10,8,PMI,MUC,1995,2021-05-11 21:00:00,-354886514,372282013,"50,0"
24/11/2020 00:00:00,4,1,DUS,CTA,9814,2020-11-25 11:35:00,-859993143,372222046,"117,99"
20/11/2020 00:00:00,3,6,DUS,TFS,9558,2020-11-25 11:40:00,1035237377,372163451,"79,16"
20/11/2020 00:00:00,6,9,VIE,DUS,9755,2020-11-25 09:30:00,-1472873272,372157815,"454,99"
13/11/2020 00:00:00,4,1,HAM,STR,2045,2020-11-23 08:50:00,1407090134,372000769,"349,13"
19/05/2020 00:00:00,6,9,PMI,CGN,587,2020-09-13 12:05:00,1634275175,369796430,"194,99"
21/11/2020 00:00:00,10,8,PMI,HAM,7581,2020-11-25 13:55:00,1165191729,372184751,"66,0"
18/11/2020 00:00:00,4,1,MUC,DUS,9081,2020-11-25 08:35:00,1401083052,372104125,"154,3"
04/10/2019 00:00:00,4,1,STR,HAM,2044,2020-07-10 06:45:00,-602468900,365657086,"30,16"
28/06/2020 00:00:00,9,1,DUS,CTA,9814,2020-08-04 10:20:00,96518158,366559264,"104,99"
20/11/2020 00:00:00,6,9,DUS,VIE,9752,2020-11-22 17:35:00,-248897649,372157642,"194,99"
21/11/2020 00:00:00,6,9,DUS,MUC,9090,2020-11-25 17:30:00,1040924049,372183098,"366,37"
06/09/2020 00:00:00,9,1,BER,DUS,8042,2020-11-08 15:00:00,-217813497,371003771,"72,41"
19/11/2020 00:00:00,3,6,LHR,DUS,9469,2020-11-25 08:05:00,1056578708,372149786,"34,54"
06/11/2020 00:00:00,6,9,PMI,HAM,7581,2020-11-25 13:55:00,573133945,371891542,"133,32"
24/11/2020 00:00:00,4,1,MUC,CGN,87,2020-11-25 20:40:00,1130716943,372222246,"220,65"
17/11/2020 00:00:00,4,1,DUS,BER,9048,2020-11-25 06:20:00,1879878313,372084224,"103,44"
23/11/2020 00:00:00,3,6,MUC,CGN,87,2020-11-25 20:40:00,-732104476,372212312,"150,85"
23/11/2020 00:00:00,6,9,CGN,MUC,86,2020-11-25 18:55:00,-470352459,372197485,"193,96"
23/11/2020 00:00:00,3,6,CGN,MUC,80,2020-11-25 07:00:00,-732104476,372212307,"133,61"
17/11/2020 00:00:00,6,9,ZRH,DUS,9763,2020-11-25 09:15:00,484209753,372066043,"229,05"
09/09/2020 00:00:00,4,1,HAM,ZRH,7760,2020-11-25 06:50:00,2092910965,371745829,"84,99"
16/11/2020 00:00:00,4,1,CGN,MUC,86,2020-11-25 18:55:00,-1932147287,372053524,"116,37"
19/11/2020 00:00:00,5,0,CGN,BER,6,2020-11-24 18:05:00,-208920570,372114206,"284,47"
24/11/2020 00:00:00,8,5,MUC,DUS,9091,2020-11-25 19:25:00,-1655756456,372255453,"33,51"
06/02/2020 00:00:00,3,8,CGN,LIS,602,2020-10-08 17:30:00,1043238437,357703967,"124,99"
29/10/2020 00:00:00,9,1,HAM,STR,2045,2020-11-24 08:30:00,1507419133,371718088,"155,15"
24/11/2020 00:00:00,6,9,DUS,MUC,9090,2020-11-25 17:30:00,2086741130,372216886,"316,03"
12/11/2019 00:00:00,4,1,CGN,SZG,4353,2020-02-19 20:25:00,1297923402,347542116,"50,67"
25/11/2020 00:00:00,3,0,BUD,DUS,9783,2021-01-08 15:00:00,-656059227,372262960,"87,16"
23/11/2020 00:00:00,4,1,DUS,LHR,9468,2020-11-25 06:50:00,-1521850438,372204464,"202,99"
27/10/2020 00:00:00,7,8,STR,TFS,2534,2020-11-07 11:10:00,-1427363099,371688731,"102,41"
16/11/2019 00:00:00,10,8,TFS,VIE,5961,2019-11-20 12:20:00,-1220560312,348123731,"137,0"
19/11/2020 00:00:00,4,1,CTA,DUS,9815,2020-11-25 15:10:00,-1626009710,372148632,"104,99"
13/11/2020 00:00:00,4,1,PMI,HAM,7581,2020-11-25 13:55:00,1320865558,371998027,"64,99"
13/11/2020 00:00:00,4,1,STR,HAM,7049,2020-11-25 20:25:00,1407090134,372000941,"349,13"
18/11/2020 00:00:00,6,9,LHR,DUS,9469,2020-11-25 08:05:00,1625129465,372095782,"59,73"
23/11/2020 00:00:00,3,6,DUS,ZRH,9762,2020-11-25 07:20:00,-2001281060,372212267,"194,99"
13/11/2020 00:00:00,4,1,DUS,TFS,9558,2020-11-25 11:40:00,-2087626752,371996606,"63,32"
09/11/2020 00:00:00,3,0,BER,CGN,13,2020-11-25 08:00:00,170854060,371920335,"85,34"
18/11/2020 00:00:00,5,0,BER,DUS,8044,2020-11-25 14:40:00,1284590687,372093391,"124,13"
26/08/2020 00:00:00,4,1,DUS,ZRH,9762,2020-09-19 06:50:00,1867445183,369650595,"44,99"
04/02/2020 00:00:00,4,1,PRG,DUS,9775,2020-08-07 16:20:00,1704357524,357412619,"39,99"
12/11/2020 00:00:00,6,9,VIE,DUS,9755,2020-11-25 09:30:00,130792550,371983274,"104,99"
19/11/2020 00:00:00,6,9,CGN,MUC,86,2020-11-25 18:55:00,1012183203,372147484,"133,61"
13/07/2020 00:00:00,4,1,STR,BRI,2850,2020-08-10 18:25:00,1156897653,367545107,"87,99"
20/11/2020 00:00:00,9,1,BER,DUS,9041,2020-11-25 15:55:00,1621532521,372175561,"120,68"
13/11/2020 00:00:00,3,0,MUC,CGN,87,2020-11-25 20:40:00,-1872543461,371993980,"97,82"
05/10/2020 00:00:00,4,1,STR,HAM,2044,2020-11-20 08:50:00,-11718861,371958964,"107,75"
22/11/2020 00:00:00,4,1,PMI,HAM,7581,2020-11-25 13:55:00,730357727,372191922,"170,99"
14/10/2020 00:00:00,4,1,CGN,BER,20,2020-11-25 18:05:00,256708635,371722426,"47,41"
12/11/2020 00:00:00,6,9,STR,BER,8001,2020-11-24 08:15:00,-606953663,371990634,"137,92"
17/09/2020 00:00:00,3,0,DUS,CTA,9814,2020-10-08 12:25:00,838295779,370406166,"106,99"
04/08/2020 00:00:00,4,1,OLB,DUS,9845,2020-09-29 14:10:00,416746436,368632326,"59,99"
03/11/2020 00:00:00,4,1,CGN,BER,8051,2020-11-26 08:30:00,1838623944,371841361,"47,41"
25/11/2020 00:00:00,3,7,SKG,STR,2683,2020-11-27 16:10:00,1793396956,372264768,"104,99"
27/10/2020 00:00:00,10,8,CHQ,STR,2679,2020-10-31 19:10:00,-383731485,371696441,"175,0"
08/10/2020 00:00:00,6,9,BER,CGN,7,2020-11-27 15:40:00,-1585817179,372267441,"337,58"
17/11/2019 00:00:00,4,1,DUS,HAM,7081,2020-03-08 13:10:00,336012908,348209501,"52,47"
19/11/2020 00:00:00,6,9,STR,HAM,2040,2020-11-27 16:50:00,-2016204612,372114424,"221,2"
23/11/2020 00:00:00,3,6,ZAG,CGN,973,2020-11-27 12:35:00,977451370,372212493,"192,99"
24/11/2020 00:00:00,4,1,FCO,DUS,9883,2020-11-27 14:30:00,494662140,372224419,"62,99"
26/11/2020 00:00:00,6,9,DUS,BHX,9330,2020-11-27 13:45:00,-184218796,372317456,"214,99"
21/11/2020 00:00:00,4,1,DUS,LHR,9462,2020-11-27 18:10:00,1964046588,372343998,"135,26"
26/10/2020 00:00:00,6,9,HAM,ZRH,7760,2020-11-27 06:50:00,898544337,371677480,"64,99"
24/10/2020 00:00:00,9,1,CGN,ZAG,972,2020-11-27 10:30:00,-1317888575,371640908,"118,99"
17/08/2020 00:00:00,6,9,VIE,DUS,9753,2020-08-20 20:10:00,173690969,369265815,"234,99"
01/08/2019 00:00:00,3,8,PMI,STR,2593,2020-03-29 14:40:00,1542078423,362479940,"182,99"
23/11/2020 00:00:00,4,1,DUS,FCO,9882,2020-11-27 11:45:00,-1267536447,372200508,"145,49"
21/11/2020 00:00:00,4,1,FCO,DUS,9883,2020-11-27 14:30:00,-1892553951,372182467,"136,99"
23/07/2019 00:00:00,6,9,LHR,STR,2463,2020-07-13 09:10:00,-427616183,365741853,"98,8"
04/03/2020 00:00:00,3,6,PMI,MUC,1993,2020-06-28 09:55:00,-1582918139,365166997,"194,99"
15/11/2020 00:00:00,4,1,ZAG,STR,2977,2020-11-27 12:20:00,-1364965643,372019368,"70,5"
10/11/2020 00:00:00,4,1,VIE,DUS,9753,2020-11-27 19:55:00,1622920547,371958333,"74,99"
16/11/2020 00:00:00,3,0,DUS,DRS,9028,2020-11-23 10:00:00,1725364700,372021913,"249,13"
19/11/2020 00:00:00,6,9,STR,BER,2004,2020-11-24 14:25:00,-1843074367,372199846,"337,58"
14/11/2020 00:00:00,9,1,DUS,BCN,9442,2020-11-20 11:30:00,-1874367339,372009106,"80,4"
30/01/2020 00:00:00,4,1,HAM,OLB,7844,2020-09-25 10:05:00,-329563846,356812549,"137,13"
10/10/2020 00:00:00,10,8,HAM,RHO,7644,2020-10-13 14:10:00,-201711740,371204858,"116,9"
24/11/2020 00:00:00,4,1,DUS,MUC,9080,2020-11-27 06:40:00,1648673167,372224874,"83,24"
16/11/2020 00:00:00,3,6,STR,HAM,2044,2020-11-27 08:50:00,932765217,372057411,"107,75"
27/11/2020 00:00:00,1,1,BER,DUS,9043,2020-11-27 16:10:00,-1609246514,372348213,"154,99"
26/11/2020 00:00:00,9,1,DUS,HAM,7067,2020-11-27 16:35:00,327004176,372303568,"323,27"
04/11/2020 00:00:00,9,1,ARN,DUS,9213,2020-11-27 13:50:00,-657150853,371863949,"112,99"
02/01/2020 00:00:00,4,1,HAM,STR,2049,2020-11-22 20:45:00,1373053569,352427531,"47,41"
31/03/2020 00:00:00,4,1,VIE,HAM,7753,2020-11-23 09:05:00,1453690133,371279609,"84,99"
09/02/2020 00:00:00,4,1,TUN,CGN,383,2020-03-07 22:20:00,-44887734,358095542,"144,99"
23/11/2020 00:00:00,4,1,DUS,BCN,9442,2020-11-27 11:30:00,-593583166,372214014,"104,99"
22/11/2020 00:00:00,4,1,DUS,FCO,9882,2020-11-27 11:45:00,271192094,372194312,"52,92"
17/11/2020 00:00:00,4,1,STR,LHR,2464,2020-11-27 17:05:00,350516083,372063426,"144,99"
23/11/2020 00:00:00,3,0,BER,STR,2005,2020-11-26 20:30:00,1144021227,372207546,"193,1"
13/11/2020 00:00:00,4,6,LIS,CGN,603,2020-11-27 09:10:00,-2066494110,371993768,"81,99"
23/11/2020 00:00:00,4,1,FAO,CGN,647,2021-03-13 09:05:00,1802757768,372369928,"113,99"
11/03/2020 00:00:00,10,8,STR,PMI,2592,2020-03-15 11:35:00,-1210414994,364190442,"70,19"
30/09/2020 00:00:00,3,6,BER,DUS,8046,2020-11-27 18:35:00,219022814,371726551,"81,89"
18/11/2020 00:00:00,4,1,STR,LHR,2464,2020-11-27 17:05:00,-1365134229,372103556,"47,49"
30/10/2020 00:00:00,4,1,HAM,DUS,7066,2020-11-27 15:00:00,729196923,371786724,"13,0"
19/11/2020 00:00:00,4,1,HAM,VIE,7750,2020-11-27 18:00:00,1472407101,372147749,"122,99"
26/11/2020 00:00:00,3,7,ZRH,DUS,9763,2020-11-27 09:05:00,1005548007,372292688,"25,0"
03/02/2020 00:00:00,4,1,BER,CGN,25,2020-11-23 09:00:00,402869993,362679937,"67,24"
21/11/2020 00:00:00,3,7,ZAG,STR,2977,2020-11-27 12:20:00,1144804889,372182646,"75,5"
17/09/2020 00:00:00,4,1,LIS,CGN,603,2020-11-27 09:10:00,-992800258,370423287,"102,99"
26/11/2020 00:00:00,4,1,DUS,BCN,9442,2020-11-27 11:30:00,-792791041,372321363,"104,99"
22/11/2020 00:00:00,4,1,DUS,MUC,9090,2020-12-09 17:40:00,-606814816,372188404,"98,16"
24/11/2020 00:00:00,6,9,DUS,ARN,9212,2020-11-27 11:00:00,1777912358,372223663,"194,99"
28/10/2020 00:00:00,6,9,BER,STR,2005,2020-11-27 16:30:00,-881932816,371702438,"74,65"
30/09/2020 00:00:00,4,1,HAM,PMI,7584,2020-10-03 14:45:00,-268475554,370852564,"151,99"
30/10/2020 00:00:00,9,1,PMI,HAM,7581,2020-11-27 09:35:00,-286595470,372201689,"120,99"
24/11/2020 00:00:00,6,9,DUS,BER,9048,2020-11-26 06:20:00,622403224,372223651,"328,96"
22/11/2020 00:00:00,3,6,DUS,MAN,9344,2020-11-27 18:05:00,-2046650700,372192542,"32,0"
11/03/2020 00:00:00,10,8,STR,PMI,2592,2020-03-15 11:35:00,-333170972,361446576,"122,37"
12/10/2020 00:00:00,4,1,DUS,ARN,9212,2020-11-11 13:15:00,-1086920102,371623268,"128,02"
25/11/2020 00:00:00,9,1,LIS,CGN,603,2020-11-27 09:10:00,1987607987,372258951,"129,99"
24/11/2020 00:00:00,3,6,DUS,LHR,9468,2020-11-27 06:50:00,-2023165895,372257032,"184,99"
10/02/2020 00:00:00,4,1,BER,DUS,8040,2020-11-27 06:30:00,699467225,372200504,"50,84"
10/11/2020 00:00:00,6,9,LHR,DUS,9463,2020-11-22 19:30:00,-1180392816,371955079,"139,51"
24/11/2020 00:00:00,3,6,BCN,DUS,9443,2020-11-27 14:30:00,1071018046,372253806,"78,39"
15/11/2020 00:00:00,4,1,PMI,HAM,7581,2020-11-27 09:35:00,-442787127,372017015,"88,99"
18/11/2020 00:00:00,6,9,BER,DUS,8042,2020-11-27 14:40:00,-508968570,372098590,"33,29"
25/11/2020 00:00:00,3,6,FCO,DUS,9883,2020-11-27 14:30:00,-2032375054,372268864,"68,99"
29/02/2020 00:00:00,9,1,NAP,STR,2861,2020-03-12 12:55:00,-1161956236,360277555,"29,99"
24/10/2020 00:00:00,4,1,BER,DUS,9043,2020-11-27 16:10:00,-231775601,371930454,"116,37"
22/11/2020 00:00:00,4,1,STR,BRE,2034,2020-11-27 18:40:00,174883390,372223585,"28,06"
09/11/2020 00:00:00,3,7,DUS,BCN,9442,2020-11-27 11:30:00,-1885357284,371930397,"167,99"
16/11/2020 00:00:00,6,9,BER,CGN,8054,2020-11-27 18:00:00,679695361,372027726,"337,58"
25/09/2019 00:00:00,4,1,FMO,PMI,6807,2020-07-03 18:40:00,1471882671,341934720,"122,39"
19/11/2020 00:00:00,3,6,STR,HAM,2040,2020-11-27 16:50:00,1693387564,372117706,"23,33"
22/10/2020 00:00:00,4,1,HAM,VIE,7750,2020-11-27 18:00:00,1802312471,372069086,"103,99"
25/11/2020 00:00:00,6,9,DUS,ZRH,9762,2020-11-27 07:10:00,1292140457,372278257,"274,99"
17/11/2020 00:00:00,5,9,ATH,DUS,9681,2020-11-27 16:15:00,-2058238143,372221919,"99,99"
26/11/2020 00:00:00,4,1,CGN,BER,8059,2020-11-27 08:30:00,619373184,372319319,"158,61"
03/07/2020 00:00:00,4,1,CGN,SPU,962,2020-08-02 20:15:00,1118809307,367920537,"117,49"
24/11/2020 00:00:00,4,1,LHR,DUS,9469,2020-11-27 08:05:00,1109336720,372215184,"35,28"
20/01/2020 00:00:00,3,6,MUC,PMI,1992,2020-06-26 09:30:00,-1587885266,355400331,"84,99"
13/11/2020 00:00:00,4,1,BER,DUS,9043,2020-11-27 16:10:00,-1414777410,372002321,"120,68"
17/11/2020 00:00:00,4,1,PMI,HAM,7581,2020-11-27 09:35:00,518806947,372062779,"110,99"
25/11/2020 00:00:00,6,9,LHR,DUS,9469,2020-11-27 08:05:00,652860516,372265846,"168,18"
28/10/2020 00:00:00,4,1,BER,CGN,7,2020-11-27 15:40:00,-1541169117,371726007,"34,47"
20/10/2020 00:00:00,6,9,DUS,MAN,9344,2020-11-27 18:05:00,655302489,371774410,"114,99"
17/11/2020 00:00:00,3,0,CGN,BER,24,2020-11-23 07:10:00,173236752,372065486,"122,88"
18/11/2020 00:00:00,3,7,PMI,HAM,7581,2020-11-27 09:35:00,-139528746,372100864,"53,33"
19/11/2020 00:00:00,6,9,HAM,VIE,7750,2020-11-27 18:00:00,-1174655394,372118665,"104,99"
17/11/2020 00:00:00,6,9,WDH,FRA,1279,2020-11-27 10:00:00,-1835195520,372064835,"383,53"
18/11/2020 00:00:00,4,1,MUC,DTM,4067,2020-11-27 16:40:00,1713282434,372109714,"118,37"
19/11/2020 00:00:00,4,1,LIS,CGN,603,2020-11-27 09:10:00,-2110329297,372111886,"59,99"
13/11/2020 00:00:00,3,7,STR,LHR,2464,2020-11-27 17:05:00,742874666,372003459,"47,49"
25/11/2020 00:00:00,4,1,STR,HAM,2044,2020-11-27 08:50:00,-875654094,372271545,"168,09"
22/11/2020 00:00:00,10,8,DUS,LPA,9542,2020-11-26 10:50:00,-1756024965,372189167,"97,9"
23/09/2020 00:00:00,4,1,HAM,STR,7048,2020-11-27 18:05:00,1958792855,371743434,"47,41"
29/10/2020 00:00:00,6,9,MUC,DUS,9091,2020-11-27 19:25:00,784502964,371738869,"57,41"
16/11/2020 00:00:00,9,1,DUS,DRS,9020,2020-11-27 13:55:00,-1492081963,372053544,"133,61"
25/11/2020 00:00:00,3,7,ATH,DUS,9681,2020-11-27 16:15:00,405253223,372286323,"129,99"
05/11/2020 00:00:00,5,0,STR,BER,8005,2020-11-27 16:05:00,1640681737,372192865,"258,61"
09/09/2020 00:00:00,9,1,DRS,DUS,9021,2020-11-27 15:45:00,601908624,372200171,"134,75"
26/11/2020 00:00:00,4,1,FCO,DUS,9883,2020-11-27 14:30:00,991290882,372294431,"100,99"
10/11/2020 00:00:00,6,9,LHR,DUS,9463,2020-11-22 19:30:00,1826862189,371953902,"134,0"
22/11/2020 00:00:00,10,8,FUE,DUS,9553,2020-11-26 11:50:00,-1865430579,372189894,"204,0"
23/11/2020 00:00:00,5,0,DUS,LHR,9462,2020-11-26 18:10:00,-889687471,372196107,"192,99"
19/01/2020 00:00:00,3,7,DUS,FCO,9886,2020-07-20 16:35:00,579608913,366063828,"101,99"
09/10/2020 00:00:00,3,6,BER,CGN,8058,2020-11-27 06:40:00,-400555849,371203816,"34,47"
09/01/2020 00:00:00,6,9,MUC,TFS,1800,2020-02-27 07:10:00,-727151344,353204956,"104,99"
29/11/2019 00:00:00,4,1,MUC,TFS,1800,2020-02-27 07:10:00,198987590,349613893,"119,99"
23/02/2020 00:00:00,10,8,MUC,TFS,1800,2020-02-27 07:10:00,-1845621321,359655275,"124,99"
11/03/2020 00:00:00,10,8,STR,PMI,2592,2020-03-15 11:35:00,-284440129,364191093,"70,19"
03/11/2020 00:00:00,4,1,DUS,ARN,9212,2020-11-27 11:00:00,-622323250,371827291,"103,68"
24/11/2020 00:00:00,6,9,LPA,DUS,9543,2020-11-26 15:25:00,2129096510,372254781,"174,99"
25/11/2020 00:00:00,4,1,DUS,ATH,9680,2020-11-27 11:35:00,-1802518227,372265391,"68,74"
12/10/2020 00:00:00,4,1,SKG,STR,2683,2020-11-27 16:10:00,395038,372222819,"101,99"
30/06/2020 00:00:00,9,1,HAM,DUS,9031,2020-07-28 08:20:00,-2023871310,368202476,"43,0"
23/09/2020 00:00:00,6,9,DUS,BER,8047,2020-11-22 21:05:00,-1988842045,371723123,"328,96"
13/09/2020 00:00:00,4,1,FAO,STR,2649,2020-10-21 12:35:00,-1942512033,370269256,"100,99"
30/08/2020 00:00:00,4,1,CGN,HAM,7033,2020-11-27 17:30:00,-1820053771,369786608,"30,16"
29/11/2019 00:00:00,4,1,TFS,MUC,1801,2020-02-20 12:00:00,198987590,349613884,"209,99"
26/11/2020 00:00:00,9,1,MUC,CGN,81,2020-11-27 08:45:00,886501116,372295221,"116,37"
17/11/2019 00:00:00,4,1,HAM,DUS,7082,2020-03-06 13:30:00,336012908,348209506,"35,66"
11/12/2019 00:00:00,5,9,TXL,DUS,9049,2020-01-16 08:30:00,-250311043,350887517,"18,09"
29/10/2020 00:00:00,9,1,HAM,VIE,7750,2020-11-27 18:00:00,2124953721,372147570,"118,99"
23/11/2020 00:00:00,9,1,ZAG,STR,2977,2020-11-27 12:20:00,2115791168,372197146,"50,0"
10/11/2020 00:00:00,5,0,BER,CGN,7,2020-11-27 15:40:00,2117548187,371942278,"85,34"
26/11/2020 00:00:00,3,6,DUS,MAN,9344,2020-11-27 18:05:00,1890574491,372322849,"58,0"
25/11/2020 00:00:00,6,9,HAM,LHR,7460,2020-11-27 13:20:00,-399839096,372262876,"194,99"
19/11/2020 00:00:00,4,1,BCN,DUS,9443,2020-11-27 14:30:00,2034717955,372150824,"79,99"
10/03/2019 00:00:00,6,9,DUS,MIA,1184,2019-11-04 12:30:00,-955543651,319395127,"839,99"
02/11/2020 00:00:00,4,1,SZG,DUS,9393,2020-11-27 16:20:00,2064121543,371815527,"74,99"
17/11/2020 00:00:00,4,1,LIS,CGN,603,2020-11-27 09:10:00,591810931,372088114,"86,99"
05/10/2020 00:00:00,4,1,BRE,STR,2031,2020-11-23 08:05:00,1282045567,371231356,"56,03"
10/11/2020 00:00:00,6,9,LHR,DUS,9463,2020-11-22 19:30:00,1254488986,371955128,"139,51"
30/10/2020 00:00:00,9,1,DUS,BER,8043,2020-11-27 16:30:00,2126578486,371773917,"102,58"
03/11/2020 00:00:00,10,8,FUE,DUS,9553,2020-11-26 11:50:00,983617141,371837024,"157,0"
19/11/2020 00:00:00,4,1,VIE,HAM,7753,2020-11-24 09:05:00,1472407101,372147748,"172,99"
26/11/2020 00:00:00,3,6,STR,BER,2004,2020-11-27 14:25:00,1556604994,372293043,"24,99"
25/11/2020 00:00:00,6,9,STR,BER,8005,2020-11-27 16:05:00,-541482527,372286535,"189,65"
27/11/2020 00:00:00,7,8,STR,SKG,2682,2020-11-27 12:20:00,-672541401,372330870,"87,9"
19/11/2020 00:00:00,4,1,BER,CGN,21,2020-11-27 19:15:00,-2067275742,372149783,"172,41"
21/09/2020 00:00:00,4,1,STR,ZAG,2976,2020-11-22 13:25:00,230662924,371838694,"74,99"
19/01/2020 00:00:00,3,7,FCO,DUS,9883,2020-07-31 10:25:00,579608913,366063831,"91,99"
12/11/2020 00:00:00,6,9,DUS,ZRH,9762,2020-11-23 07:15:00,-1952043661,371979763,"274,99"
25/11/2020 00:00:00,6,9,HAM,STR,2045,2020-11-27 07:00:00,904392730,372267790,"178,09"
17/11/2020 00:00:00,9,1,DUS,FCO,9882,2020-11-27 11:45:00,1220687458,372089015,"64,99"
14/11/2020 00:00:00,4,1,HAM,STR,2045,2020-11-27 07:00:00,-1764337836,372012366,"117,2"
30/09/2020 00:00:00,3,0,BER,STR,2005,2020-11-27 16:30:00,-52081351,370824123,"64,65"
13/01/2020 00:00:00,4,1,MXP,DUS,9821,2020-09-24 20:40:00,1255949096,361433843,"164,99"
15/08/2020 00:00:00,9,1,SKG,STR,2683,2020-11-27 16:10:00,360707748,372222805,"112,99"
10/10/2020 00:00:00,4,1,HAM,STR,7048,2020-11-27 18:05:00,-162591233,371744311,"76,72"
18/08/2020 00:00:00,9,1,MUC,CGN,87,2020-09-24 21:40:00,-513433618,369322113,"47,62"
23/09/2020 00:00:00,3,6,HAM,LHR,7460,2020-11-27 13:20:00,638590276,370629592,"54,99"
19/11/2020 00:00:00,4,1,HAM,STR,7048,2020-11-27 18:05:00,-1260438473,372147084,"124,99"
07/02/2020 00:00:00,3,6,BCN,DUS,9443,2021-01-08 10:30:00,1098868621,372329024,"111,74"
08/09/2020 00:00:00,3,6,BER,STR,8004,2020-11-09 14:45:00,1549472252,370106418,"51,7"
25/10/2020 00:00:00,9,1,FCO,DUS,9883,2020-11-27 14:30:00,479276055,371814536,"39,99"
26/11/2020 00:00:00,4,1,CGN,BER,8055,2020-11-27 19:50:00,-1996127139,372318048,"189,65"
10/03/2020 00:00:00,4,1,NAP,STR,2861,2020-03-12 12:55:00,111228527,361411317,"86,5"
23/07/2020 00:00:00,3,6,OLB,HAM,7845,2020-10-09 12:55:00,-807285005,368327675,"93,74"
14/11/2020 00:00:00,4,1,LHR,DUS,9463,2020-11-27 19:30:00,-937359029,372010388,"116,88"
27/07/2020 00:00:00,5,0,DUS,PMI,9586,2020-09-04 12:00:00,-1643953843,369807592,"158,99"
29/11/2019 00:00:00,4,1,TFS,MUC,1801,2020-02-20 12:00:00,615469840,349618230,"239,99"
15/11/2020 00:00:00,4,1,STR,BER,2002,2020-11-27 06:05:00,-888032153,372019674,"68,96"
17/11/2020 00:00:00,4,1,DUS,BCN,9440,2020-11-23 16:15:00,-90323225,372087656,"124,99"
18/11/2020 00:00:00,6,9,STR,BER,2004,2020-11-24 14:25:00,432946725,372099193,"130,68"
25/11/2020 00:00:00,6,9,DUS,MXP,9820,2020-11-27 18:10:00,-1543128143,372263898,"214,99"
10/07/2020 00:00:00,10,8,CTA,DUS,9815,2020-10-08 15:45:00,1326294991,367422488,"139,0"
18/11/2020 00:00:00,6,9,BER,CGN,7,2020-11-27 15:40:00,-1428596799,372108372,"303,09"
18/11/2020 00:00:00,4,1,BER,CGN,7,2020-11-27 15:40:00,-1488964725,372101443,"197,41"
28/07/2020 00:00:00,6,9,BLQ,DUS,9837,2020-09-07 13:20:00,1031793634,368608725,"54,99"
17/11/2020 00:00:00,4,1,DUS,ATH,9680,2020-11-27 11:35:00,736908042,372221799,"79,99"
16/10/2020 00:00:00,6,9,CGN,TXL,6,2020-10-16 16:00:00,42576143,371458316,"323,27"
23/11/2020 00:00:00,4,1,ATH,DUS,9681,2020-11-27 16:15:00,-1008937028,372221966,"98,24"
19/11/2020 00:00:00,4,1,BER,CGN,9,2020-11-26 15:15:00,1215070550,372114653,"163,78"
14/07/2020 00:00:00,4,1,DUS,MXP,9826,2020-09-21 06:50:00,233908729,367594206,"67,66"
13/02/2020 00:00:00,10,8,STR,PMI,2592,2020-03-15 11:35:00,-1145362170,364185096,"85,31"
19/11/2020 00:00:00,6,9,BER,STR,2021,2020-11-27 20:30:00,1446155434,372142166,"337,58"
23/11/2020 00:00:00,6,9,CGN,MUC,80,2020-11-27 07:00:00,-1308997168,372206145,"341,89"
10/11/2020 00:00:00,4,1,CGN,FAO,646,2020-11-14 06:25:00,1078395063,371950641,"69,99"
28/11/2019 00:00:00,3,6,TFS,MUC,1801,2020-03-05 12:00:00,-1425313982,349514539,"111,99"
11/12/2019 00:00:00,9,1,NAP,STR,2861,2020-03-12 12:55:00,-1767285763,361122077,"27,85"
13/11/2020 00:00:00,6,9,BER,CGN,7,2020-11-27 15:40:00,-1919298734,371998393,"337,58"
12/01/2020 00:00:00,4,1,HAM,DUS,7066,2020-11-27 15:00:00,-498778373,371597630,"30,16"
26/11/2020 00:00:00,3,0,STR,HAM,2040,2020-11-27 16:50:00,-1082246324,372322419,"27,64"
22/11/2020 00:00:00,3,6,DUS,BER,8041,2020-11-27 08:30:00,-2138499986,372192775,"86,2"
14/11/2020 00:00:00,6,9,BER,STR,2003,2020-11-27 08:05:00,951082035,372010276,"327,58"
11/03/2020 00:00:00,10,8,STR,PMI,2592,2020-03-15 11:35:00,-551230653,364189356,"70,19"
08/09/2020 00:00:00,4,1,OLB,DUS,9845,2020-10-11 09:05:00,1123183617,370898252,"156,99"
29/11/2019 00:00:00,4,1,MUC,TFS,1800,2020-02-27 07:10:00,1745277492,349610331,"119,99"
20/11/2020 00:00:00,6,9,DUS,BER,8043,2020-11-24 16:40:00,2115265394,372191520,"328,96"
26/11/2020 00:00:00,6,9,DUS,MUC,9080,2020-11-27 06:40:00,204537262,372292231,"376,37"
17/11/2020 00:00:00,6,9,MUC,DUS,9091,2020-11-27 19:25:00,-1906211835,372084686,"133,61"
13/04/2020 00:00:00,9,1,NUE,HAM,7051,2020-11-13 19:00:00,-1238566351,363863307,"60,33"
21/11/2020 00:00:00,4,1,DUS,NCE,9420,2021-01-10 13:25:00,-1917988970,372357279,"108,99"
20/11/2020 00:00:00,4,1,BER,DUS,8042,2020-11-27 14:40:00,-1740321541,372175657,"106,89"
21/10/2020 00:00:00,4,1,ZRH,HAM,7761,2020-11-27 09:40:00,1584759694,371747170,"114,99"
17/11/2020 00:00:00,4,1,DUS,BCN,9442,2020-11-27 11:30:00,-90323225,372207403,"0,0"
01/03/2020 00:00:00,9,1,DUS,ZRH,9762,2020-11-27 07:10:00,616595163,371848191,"61,99"
24/11/2020 00:00:00,4,1,DUS,MAN,9344,2020-11-27 18:05:00,-1264645668,372257807,"38,0"
27/11/2020 00:00:00,4,1,BER,DUS,8046,2020-11-27 18:35:00,2138234339,372350223,"180,16"
20/08/2020 00:00:00,4,1,MUC,DUS,9081,2020-12-28 08:35:00,1052653907,372336101,"59,47"
19/11/2020 00:00:00,4,1,DUS,FCO,9882,2020-11-20 11:45:00,1165716979,372148674,"62,18"
26/11/2020 00:00:00,4,1,LHR,DUS,9463,2020-11-27 19:30:00,-848008945,372295019,"291,08"
18/11/2020 00:00:00,6,9,LHR,STR,2465,2020-11-27 18:35:00,-536147153,372098042,"184,99"
17/11/2020 00:00:00,6,9,CGN,BER,6,2020-11-24 18:05:00,-180970628,372067822,"337,58"
27/02/2020 00:00:00,3,0,HAM,DUS,7082,2020-03-06 13:30:00,-64775247,360115009,"138,65"
27/09/2020 00:00:00,3,0,TXL,CGN,15,2020-10-14 11:30:00,1520846778,371257731,"81,88"
16/09/2020 00:00:00,10,3,DUS,HER,9670,2020-10-05 15:00:00,1341805583,370389555,"137,9"
11/09/2020 00:00:00,4,6,BHX,DUS,9337,2021-03-01 08:10:00,-2086969940,372327900,"33,49"
24/11/2020 00:00:00,9,1,CGN,LIS,602,2020-11-27 06:15:00,-1293262289,372252821,"54,99"
22/11/2020 00:00:00,10,8,DUS,LPA,9542,2020-11-26 10:50:00,1457582220,372189216,"117,9"
14/10/2020 00:00:00,4,1,DUS,MUC,9090,2020-11-27 17:30:00,-639930619,371989411,"107,49"
16/11/2020 00:00:00,6,9,ZRH,DUS,9763,2020-11-27 09:05:00,976417407,372148444,"229,05"
18/11/2020 00:00:00,6,9,DUS,BER,8043,2020-11-27 16:30:00,2105366744,372096048,"103,44"
12/06/2020 00:00:00,4,1,DUS,FCO,9886,2020-07-20 16:35:00,-349286545,365951362,"59,99"
14/11/2020 00:00:00,4,1,SKG,STR,2683,2020-11-27 16:10:00,243670709,372222854,"74,99"
23/11/2020 00:00:00,4,1,ATH,DUS,9681,2020-11-27 16:15:00,-530165117,372221953,"56,24"
24/11/2020 00:00:00,6,9,HAM,STR,7048,2020-11-27 18:05:00,-456755067,372224070,"178,09"
20/07/2020 00:00:00,6,9,STR,BER,8001,2020-11-23 08:15:00,-1750099057,367874564,"303,09"
23/01/2020 00:00:00,4,1,BER,STR,2005,2020-11-24 16:20:00,2087069290,371724427,"55,16"
19/11/2020 00:00:00,6,9,STR,BER,2004,2020-11-23 16:00:00,-1389885680,372140984,"337,58"
26/07/2020 00:00:00,4,1,PMI,HAM,7581,2020-11-27 09:35:00,-1191512808,371904792,"83,99"
21/02/2020 00:00:00,3,6,PMI,HAM,7587,2020-07-07 13:45:00,1870804248,359577387,"104,99"
25/11/2020 00:00:00,9,1,VIE,HAM,7751,2020-11-27 20:15:00,-1051004563,372285886,"134,99"
16/11/2020 00:00:00,4,1,DUS,LHR,9462,2020-11-27 18:10:00,370363734,372056449,"151,04"
25/11/2020 00:00:00,3,6,DUS,BER,9048,2020-11-26 06:20:00,-591797919,372266925,"133,6"
11/11/2020 00:00:00,4,1,LIS,CGN,603,2020-11-27 09:10:00,208596468,371976272,"72,99"
17/11/2020 00:00:00,10,8,LPA,DUS,9543,2020-11-26 15:25:00,1098681355,372067092,"124,0"
19/11/2020 00:00:00,6,9,STR,BER,8007,2020-11-24 20:35:00,-371632672,372115607,"337,58"
18/11/2020 00:00:00,4,1,HAM,DUS,7066,2020-11-27 15:00:00,945747246,372102286,"82,99"
11/03/2020 00:00:00,6,9,NAP,STR,2861,2020-03-12 12:55:00,1121354506,361437410,"84,99"
23/11/2020 00:00:00,3,0,CGN,MUC,88,2020-11-27 18:50:00,-349178076,372199277,"202,58"
09/11/2020 00:00:00,4,1,BER,CGN,8058,2020-11-27 06:40:00,-591728704,371928748,"38,78"
22/10/2020 00:00:00,4,1,ACE,DUS,9555,2020-11-21 15:10:00,-686478082,371603582,"100,61"
01/01/2020 00:00:00,4,1,HAM,ZRH,7760,2020-11-23 06:50:00,1850178080,371502198,"66,99"
25/11/2020 00:00:00,5,9,DUS,BER,8047,2020-11-27 20:30:00,-1681479359,372260686,"137,92"
18/09/2020 00:00:00,9,1,HAM,VIE,7750,2020-11-27 18:00:00,-1883521443,371951640,"83,04"
12/06/2020 00:00:00,4,1,FCO,DUS,9883,2020-08-07 10:25:00,-349286545,367272231,"67,99"
23/11/2020 00:00:00,4,1,HAM,STR,2045,2020-11-27 07:00:00,-381618833,372198197,"168,92"
18/10/2020 00:00:00,4,1,CGN,ZAG,972,2020-11-08 20:15:00,350686444,371593600,"106,99"
23/01/2020 00:00:00,4,1,NAP,STR,2861,2020-03-12 12:55:00,-1519251560,355989614,"54,99"
04/11/2020 00:00:00,5,0,DUS,VIE,9754,2020-11-24 07:15:00,-753763878,372147525,"92,99"
13/11/2020 00:00:00,9,1,DUS,PMI,9580,2020-11-23 15:10:00,-1579918000,372006274,"74,99"
10/11/2020 00:00:00,9,1,CGN,BER,6,2020-11-24 18:05:00,-1229244352,372188886,"197,41"
16/11/2020 00:00:00,9,1,BCN,DUS,9443,2020-11-27 14:30:00,1456473666,372055673,"134,99"
17/11/2019 00:00:00,4,1,DUS,HAM,7081,2020-03-08 13:10:00,336012908,348209505,"52,47"
21/11/2020 00:00:00,4,1,HAM,DUS,7066,2020-11-27 15:00:00,-754141562,372183644,"82,72"
29/09/2020 00:00:00,6,9,CGN,MUC,80,2020-11-27 07:00:00,-1750961569,371886719,"57,41"
08/09/2020 00:00:00,4,1,DUS,OLB,9844,2020-10-03 06:20:00,1123183617,370898251,"136,99"
20/11/2019 00:00:00,4,1,STR,PMI,2592,2020-03-15 11:35:00,1015215412,348528633,"150,4"
27/10/2020 00:00:00,10,8,CHQ,STR,2679,2020-10-31 19:10:00,1454363230,371696443,"215,0"
23/01/2020 00:00:00,9,1,NAP,STR,2861,2020-03-12 12:55:00,-1697208862,355972929,"40,99"
22/11/2020 00:00:00,4,1,HAM,LHR,7460,2020-11-27 13:20:00,1231271742,372195194,"164,99"
01/10/2020 00:00:00,4,1,DUS,MUC,9090,2020-11-27 17:30:00,-206219241,370890706,"38,78"
18/11/2020 00:00:00,6,9,STR,BER,8005,2020-11-27 16:05:00,1801708458,372101283,"165,16"
10/11/2020 00:00:00,4,1,LHR,DUS,9463,2020-11-27 19:30:00,1100090244,372181892,"133,41"
25/10/2020 00:00:00,9,1,CGN,BER,6,2020-11-27 13:55:00,2086193361,371649741,"34,47"
12/11/2020 00:00:00,4,1,DRS,DUS,9021,2020-11-27 15:45:00,1125658057,371991031,"95,96"
15/02/2020 00:00:00,3,7,DUS,BCN,9442,2020-11-27 11:30:00,-1186840925,371501207,"84,99"
26/10/2020 00:00:00,9,1,DUS,DRS,9020,2020-11-27 13:55:00,-1743642216,371660461,"73,27"
18/11/2019 00:00:00,3,0,STR,PMI,2592,2020-03-15 11:35:00,1810692342,348241802,"94,99"
28/10/2020 00:00:00,5,0,HAM,DUS,7066,2020-11-27 15:00:00,474131655,371705698,"102,58"
11/03/2020 00:00:00,10,8,STR,PMI,2592,2020-03-15 11:35:00,257265436,361446559,"122,37"
23/11/2020 00:00:00,9,1,BER,DUS,9043,2020-11-27 16:10:00,1989888394,372196113,"120,68"
25/11/2020 00:00:00,6,9,DUS,MUC,9080,2020-11-27 06:40:00,1302780320,372268161,"376,37"
07/07/2020 00:00:00,4,1,CGN,VIE,754,2020-08-09 18:05:00,283460036,367303274,"49,99"
27/11/2020 00:00:00,3,6,CGN,BER,20,2020-11-27 17:30:00,-1970405458,372346170,"176,72"
01/11/2020 00:00:00,4,1,CGN,BER,8055,2020-11-27 19:50:00,1923061450,371803696,"34,47"
03/07/2020 00:00:00,6,9,BER,STR,2021,2020-11-27 20:30:00,844584227,371724610,"337,58"
21/01/2020 00:00:00,4,1,STR,PMI,2592,2020-03-15 11:35:00,-1462670634,355619015,"173,99"
26/11/2020 00:00:00,4,1,CGN,HAM,7033,2020-11-27 17:30:00,31564679,372322520,"280,99"
21/11/2020 00:00:00,4,1,LHR,HAM,7461,2020-11-27 14:45:00,-855299153,372184954,"173,1"
01/11/2020 00:00:00,4,1,BER,CGN,8054,2020-11-27 18:00:00,-31814571,371804075,"47,41"
19/11/2020 00:00:00,6,9,DUS,MUC,9080,2020-11-27 06:40:00,-502588438,372146080,"74,65"
26/11/2020 00:00:00,4,1,DUS,LHR,9462,2020-11-27 18:10:00,1073125939,372294386,"320,99"
21/11/2020 00:00:00,6,9,DUS,ATH,9680,2020-11-27 11:35:00,-861915985,372221835,"84,99"
22/02/2020 00:00:00,9,1,WRO,DUS,9731,2020-03-06 12:30:00,1919537970,359650808,"41,22"
09/01/2020 00:00:00,3,8,FCO,HAM,7887,2020-03-08 19:35:00,-1918037605,353273557,"104,99"
16/11/2020 00:00:00,6,9,FCO,DUS,9883,2020-11-27 14:30:00,909904320,372050618,"74,99"
25/11/2020 00:00:00,4,1,VIE,DUS,9753,2020-11-27 19:55:00,-182613586,372268205,"134,99"
03/11/2020 00:00:00,5,0,DUS,VIE,9754,2020-11-24 07:15:00,584769022,372163856,"134,99"
16/11/2020 00:00:00,4,1,CGN,BER,6,2020-11-25 15:25:00,-1295534582,372053048,"172,41"
19/11/2020 00:00:00,4,1,CGN,BER,8059,2020-11-27 08:30:00,1215070550,372114656,"146,54"
16/11/2020 00:00:00,4,1,BER,STR,2021,2020-11-27 20:30:00,366494587,372057562,"120,68"
19/10/2020 00:00:00,4,1,DUS,DRS,9020,2020-11-27 13:55:00,1739036348,371509859,"60,34"
18/11/2020 00:00:00,5,0,DUS,BER,9040,2020-11-25 14:00:00,-740386583,372097560,"124,13"
12/10/2020 00:00:00,4,1,TXL,CGN,13,2020-10-15 08:00:00,1470708017,371229908,"21,66"
10/03/2019 00:00:00,6,9,TXL,DUS,9051,2019-11-04 09:10:00,-955543651,319395130,"260,5"
18/10/2020 00:00:00,9,1,BER,CGN,8054,2020-11-27 18:00:00,-227116738,371558306,"30,16"
25/11/2020 00:00:00,3,2,BER,DUS,8046,2020-11-27 18:35:00,-575063828,372269141,"224,13"
09/01/2020 00:00:00,6,9,CGN,PMI,590,2020-05-07 07:35:00,1829296157,363831710,"84,99"
17/11/2020 00:00:00,4,1,DUS,SKG,9654,2020-11-27 12:15:00,-324276614,372221440,"115,99"
23/11/2020 00:00:00,4,1,DUS,BER,8041,2020-11-27 08:30:00,-518781042,372203003,"58,61"
19/11/2020 00:00:00,6,9,MUC,DUS,9091,2020-11-27 19:25:00,925355767,372114816,"316,03"
25/11/2020 00:00:00,4,1,DUS,BER,9042,2020-11-27 14:20:00,1191464707,372259561,"86,2"
26/11/2020 00:00:00,4,1,STR,BER,2020,2020-11-27 18:30:00,1687489412,372317644,"189,65"
19/11/2020 00:00:00,6,9,CGN,BER,8051,2020-11-26 08:30:00,-347595813,372113281,"182,41"
09/11/2020 00:00:00,9,1,ZAG,STR,2977,2020-11-27 12:20:00,-1495382194,371931077,"46,66"
16/01/2020 00:00:00,10,8,STR,PMI,2592,2020-03-15 11:35:00,-1036312291,364188688,"70,19"
26/11/2020 00:00:00,6,9,HAM,ZRH,7760,2020-11-27 06:50:00,1578827925,372320186,"514,99"
11/03/2020 00:00:00,10,8,STR,PMI,2592,2020-03-15 11:35:00,-280164619,364193866,"70,19"
15/11/2019 00:00:00,6,9,CGN,PMI,590,2020-05-07 07:35:00,-1542374519,348082396,"15,83"
24/11/2020 00:00:00,9,1,STR,ZAG,2976,2020-11-27 10:25:00,1805259744,372223813,"50,0"
20/11/2020 00:00:00,4,1,FCO,DUS,9883,2020-11-27 14:30:00,-896444061,372165018,"79,99"
16/11/2020 00:00:00,4,1,BER,CGN,21,2020-11-27 19:15:00,-1295534582,372053049,"155,16"
20/01/2020 00:00:00,3,0,BER,STR,8004,2020-11-12 14:45:00,1985252744,370184881,"59,47"
22/11/2020 00:00:00,10,8,FUE,DUS,9553,2020-11-26 11:50:00,310480900,372189857,"135,0"
24/11/2020 00:00:00,10,8,DUS,FCO,9882,2020-11-27 11:45:00,1458891722,372256329,"101,9"
29/01/2020 00:00:00,4,1,DUS,MXP,9818,2020-03-06 16:15:00,171991156,356620262,"39,99"
25/11/2020 00:00:00,3,7,LHR,DUS,9469,2020-11-27 08:05:00,1144013161,372261378,"196,99"
14/09/2020 00:00:00,4,1,DUS,OLB,9844,2020-10-03 06:20:00,2001578261,370294278,"104,99"
22/11/2020 00:00:00,9,1,DUS,SKG,9654,2020-11-27 12:15:00,-1813706037,372221482,"115,99"
26/11/2020 00:00:00,4,1,ARN,DUS,9213,2020-11-27 13:50:00,-2070160871,372287476,"197,92"
24/11/2020 00:00:00,4,1,LHR,DUS,9469,2020-11-27 08:05:00,141805259,372218307,"146,64"
25/11/2020 00:00:00,6,9,LIS,CGN,603,2020-11-27 09:10:00,1879733122,372287339,"124,99"
24/11/2020 00:00:00,3,0,BER,DUS,9043,2020-11-26 16:25:00,1329142898,372223670,"241,37"
06/11/2020 00:00:00,4,1,HAM,LHR,7460,2020-11-27 13:20:00,-899556251,371896149,"144,99"
02/07/2020 00:00:00,9,1,BER,CGN,7,2020-11-27 15:40:00,525494763,371720244,"34,47"
30/09/2020 00:00:00,9,1,BER,DUS,8044,2020-11-18 14:40:00,22615401,371002050,"30,16"
27/10/2020 00:00:00,3,0,STR,BER,8001,2020-11-16 08:15:00,2083145262,371692058,"85,34"
20/11/2020 00:00:00,6,9,BER,STR,2011,2020-11-24 08:30:00,96157891,372159456,"155,16"
23/11/2020 00:00:00,3,6,DUS,GOT,9224,2020-11-27 16:35:00,-1104778117,372210853,"176,99"
23/11/2020 00:00:00,3,0,CGN,MUC,80,2020-11-27 07:00:00,976994174,372200866,"137,06"
11/03/2020 00:00:00,10,8,STR,PMI,2592,2020-03-15 11:35:00,2066434843,364192635,"70,19"
06/11/2020 00:00:00,4,1,DUS,BER,8047,2020-11-27 20:30:00,-1802537072,371894225,"30,16"
25/02/2020 00:00:00,9,1,LHR,STR,2463,2020-07-13 09:10:00,1007227235,359875799,"104,99"
25/11/2020 00:00:00,3,0,BER,STR,2005,2020-11-27 16:30:00,-734137540,372260167,"210,34"
22/11/2020 00:00:00,10,8,DUS,FUE,9552,2020-11-26 07:20:00,-274936012,372188537,"125,9"
13/10/2020 00:00:00,6,9,MXP,DUS,9821,2020-11-27 20:25:00,1757999694,371309006,"474,99"
12/11/2020 00:00:00,6,9,VIE,HAM,7751,2020-11-27 20:15:00,1293941191,371985021,"454,99"
22/11/2020 00:00:00,4,1,DUS,MAN,9344,2020-11-27 18:05:00,-24037061,372194800,"32,0"
29/01/2020 00:00:00,5,0,HAM,STR,2045,2020-11-23 08:50:00,-457286468,371742372,"72,41"
24/11/2020 00:00:00,6,9,DUS,MUC,9090,2020-11-27 17:30:00,22042992,372219584,"176,72"
09/02/2020 00:00:00,9,1,DUS,DRS,9028,2020-11-23 10:00:00,1630118832,371248711,"37,92"
22/11/2020 00:00:00,4,1,STR,BER,2002,2020-11-27 06:05:00,-1409495306,372194435,"103,44"
19/11/2020 00:00:00,4,1,DUS,FCO,9882,2020-11-27 11:45:00,1982229621,372111749,"74,99"
10/09/2020 00:00:00,4,1,CGN,ZAG,970,2020-09-17 20:35:00,-1128071465,370174986,"83,33"
24/11/2020 00:00:00,9,1,DUS,LHR,9462,2020-11-27 18:10:00,750572414,372237895,"42,0"
18/09/2020 00:00:00,9,1,ZAG,STR,2977,2020-10-30 17:00:00,-1883521443,371166068,"48,44"
24/11/2020 00:00:00,6,9,BER,DUS,8042,2020-11-27 14:40:00,622403224,372223652,"328,96"
18/11/2020 00:00:00,4,1,LHR,STR,2463,2020-11-23 11:25:00,2049786534,372104234,"185,23"
03/11/2020 00:00:00,9,1,MUC,HAM,7171,2020-11-10 09:00:00,-1237132840,371835220,"197,41"
01/11/2020 00:00:00,9,1,CGN,LIS,602,2020-11-27 06:15:00,344137475,372193190,"122,99"
26/11/2020 00:00:00,3,8,CDG,HAM,7407,2021-08-22 20:00:00,940298805,372320152,"91,99"
17/11/2020 00:00:00,4,1,STR,BRE,2030,2020-11-23 06:20:00,-106700733,372060194,"171,54"
20/08/2020 00:00:00,3,6,STR,BCN,2520,2020-12-20 11:45:00,408291976,372328846,"62,99"
24/11/2020 00:00:00,4,1,LIS,CGN,603,2020-11-27 09:10:00,-1059775652,372218858,"94,99"
26/10/2020 00:00:00,9,1,DRS,DUS,9029,2020-11-23 11:50:00,-1743642216,371847078,"107,75"
29/06/2020 00:00:00,10,8,FMO,PMI,6807,2020-07-03 18:40:00,283726964,366610674,"12,9"
27/01/2020 00:00:00,4,1,DUS,MXP,9818,2020-03-06 16:15:00,-1075847990,360490126,"31,63"
23/11/2020 00:00:00,4,1,DUS,BER,8047,2020-11-27 20:30:00,-1330398239,372205895,"20,0"
10/11/2020 00:00:00,6,9,FCO,DUS,9883,2020-11-27 14:30:00,-716469222,371982652,"74,99"
17/11/2020 00:00:00,6,9,DUS,BER,9040,2020-11-25 14:00:00,1214852187,372084905,"113,44"
25/10/2020 00:00:00,4,1,HAM,CGN,7032,2020-11-27 19:10:00,1923293582,371645709,"38,78"
24/11/2020 00:00:00,6,9,HAM,VIE,7750,2020-11-27 18:00:00,-1377166835,372221789,"194,99"
09/11/2020 00:00:00,4,1,PMI,HAM,7581,2020-11-27 09:35:00,-95149621,371928450,"77,99"
25/11/2020 00:00:00,3,7,CGN,LIS,602,2020-11-27 06:15:00,-1271740502,372269895,"147,99"
30/01/2020 00:00:00,9,1,CGN,HAM,7033,2020-11-27 17:30:00,466716770,372008875,"107,75"
10/11/2020 00:00:00,6,9,DUS,VIE,9752,2020-11-27 17:35:00,1310085464,371950326,"94,99"
07/11/2020 00:00:00,4,1,DUS,BER,8043,2020-11-27 16:30:00,1301831997,372348025,"162,92"
26/11/2020 00:00:00,4,1,CGN,LIS,602,2020-11-27 06:15:00,1577146132,372319815,"106,99"
12/11/2020 00:00:00,3,6,LHR,DUS,9469,2020-11-26 08:05:00,-1181120101,371990509,"29,4"
26/11/2020 00:00:00,4,1,HAM,CGN,7032,2020-11-27 19:10:00,1219304250,372301317,"18,37"
24/11/2020 00:00:00,3,9,BER,STR,2021,2020-11-27 20:30:00,795626488,372219961,"155,16"
01/10/2020 00:00:00,4,1,DRS,DUS,9023,2020-11-26 20:10:00,-1458647949,371232881,"340,51"
27/06/2020 00:00:00,4,1,HAM,STR,7048,2020-11-27 18:05:00,-975136128,370976004,"56,03"
20/11/2020 00:00:00,4,1,DUS,MXP,9820,2020-11-27 18:10:00,-1258381833,372163633,"164,99"
